/*
Navicat MySQL Data Transfer

Source Server         : MySQL5.7
Source Server Version : 50726
Source Host           : localhost:33306
Source Database       : millitheta

Target Server Type    : MYSQL
Target Server Version : 50726
File Encoding         : 65001

Date: 2020-01-21 23:47:03
*/

SET FOREIGN_KEY_CHECKS=0;

-- ----------------------------
-- Table structure for `admins`
-- ----------------------------
DROP TABLE IF EXISTS `admins`;
CREATE TABLE `admins` (
  `id` int(11) NOT NULL AUTO_INCREMENT,
  `mail` varchar(255) NOT NULL,
  `password` varchar(255) NOT NULL,
  `created` datetime DEFAULT NULL,
  `modified` datetime DEFAULT NULL,
  `delete_flag` char(1) NOT NULL DEFAULT '0',
  PRIMARY KEY (`id`)
) ENGINE=InnoDB AUTO_INCREMENT=2 DEFAULT CHARSET=utf8;

-- ----------------------------
-- Records of admins
-- ----------------------------
INSERT INTO `admins` VALUES ('1', 'admin@imo-tikuwa.com', 'lbV+4PEvS9UyIMnM5IbqzQ==:yFiuLMAJMrQO6gsizK5y0w==', '2020-01-03 22:24:33', '2020-01-03 22:24:33', '0');

-- ----------------------------
-- Table structure for `cards`
-- ----------------------------
DROP TABLE IF EXISTS `cards`;
CREATE TABLE `cards` (
  `id` int(11) NOT NULL AUTO_INCREMENT COMMENT 'ID',
  `character_id` int(11) DEFAULT NULL COMMENT 'キャラクター',
  `name` varchar(255) DEFAULT NULL COMMENT 'カード名',
  `rarity` char(2) DEFAULT NULL COMMENT 'レアリティ',
  `type` char(2) DEFAULT NULL COMMENT 'タイプ',
  `add_date` date DEFAULT NULL COMMENT '実装日',
  `gasha_include` tinyint(4) DEFAULT '1' COMMENT 'ガシャ限定？',
  `limited` tinyint(4) DEFAULT '0' COMMENT '限定？',
  `created` datetime DEFAULT NULL COMMENT '作成日時',
  `modified` datetime DEFAULT NULL COMMENT '更新日時',
  `delete_flag` char(1) NOT NULL DEFAULT '0' COMMENT '削除フラグ',
  PRIMARY KEY (`id`)
) ENGINE=InnoDB AUTO_INCREMENT=764 DEFAULT CHARSET=utf8 COMMENT='カード';

-- ----------------------------
-- Records of cards
-- ----------------------------
INSERT INTO `cards` VALUES ('1', '1', '天海春香【N】', '01', '01', '2017-06-29', '0', '0', '2020-01-20 20:37:19', '2020-01-20 20:37:19', '0');
INSERT INTO `cards` VALUES ('2', '2', '如月千早【N】', '01', '02', '2017-06-29', '0', '0', '2020-01-20 20:37:19', '2020-01-20 20:37:19', '0');
INSERT INTO `cards` VALUES ('3', '3', '星井美希【N】', '01', '03', '2017-06-29', '0', '0', '2020-01-20 20:37:19', '2020-01-20 20:37:19', '0');
INSERT INTO `cards` VALUES ('4', '4', '萩原雪歩【N】', '01', '01', '2017-06-29', '0', '0', '2020-01-20 20:37:19', '2020-01-20 20:37:19', '0');
INSERT INTO `cards` VALUES ('5', '5', '高槻やよい【N】', '01', '03', '2017-06-29', '0', '0', '2020-01-20 20:37:19', '2020-01-20 20:37:19', '0');
INSERT INTO `cards` VALUES ('6', '6', '菊地真【N】', '01', '01', '2017-06-29', '0', '0', '2020-01-20 20:37:19', '2020-01-20 20:37:19', '0');
INSERT INTO `cards` VALUES ('7', '7', '水瀬伊織【N】', '01', '02', '2017-06-29', '0', '0', '2020-01-20 20:37:19', '2020-01-20 20:37:19', '0');
INSERT INTO `cards` VALUES ('8', '8', '四条貴音【N】', '01', '02', '2017-06-29', '0', '0', '2020-01-20 20:37:19', '2020-01-20 20:37:19', '0');
INSERT INTO `cards` VALUES ('9', '9', '秋月律子【N】', '01', '02', '2017-06-29', '0', '0', '2020-01-20 20:37:19', '2020-01-20 20:37:19', '0');
INSERT INTO `cards` VALUES ('10', '10', '三浦あずさ【N】', '01', '03', '2017-06-29', '0', '0', '2020-01-20 20:37:19', '2020-01-20 20:37:19', '0');
INSERT INTO `cards` VALUES ('11', '11', '双海亜美【N】', '01', '03', '2017-06-29', '0', '0', '2020-01-20 20:37:19', '2020-01-20 20:37:19', '0');
INSERT INTO `cards` VALUES ('12', '12', '双海真美【N】', '01', '03', '2017-06-29', '0', '0', '2020-01-20 20:37:19', '2020-01-20 20:37:19', '0');
INSERT INTO `cards` VALUES ('13', '13', '我那覇響【N】', '01', '01', '2017-06-29', '0', '0', '2020-01-20 20:37:19', '2020-01-20 20:37:19', '0');
INSERT INTO `cards` VALUES ('14', '14', '春日未来【N】', '01', '01', '2017-06-29', '0', '0', '2020-01-20 20:37:19', '2020-01-20 20:37:19', '0');
INSERT INTO `cards` VALUES ('15', '15', '最上静香【N】', '01', '02', '2017-06-29', '0', '0', '2020-01-20 20:37:19', '2020-01-20 20:37:19', '0');
INSERT INTO `cards` VALUES ('16', '16', '伊吹翼【N】', '01', '03', '2017-06-29', '0', '0', '2020-01-20 20:37:19', '2020-01-20 20:37:19', '0');
INSERT INTO `cards` VALUES ('17', '17', '田中琴葉【N】', '01', '01', '2018-02-08', '0', '0', '2020-01-20 20:37:19', '2020-01-20 20:37:19', '0');
INSERT INTO `cards` VALUES ('18', '18', '島原エレナ【N】', '01', '03', '2017-06-29', '0', '0', '2020-01-20 20:37:19', '2020-01-20 20:37:19', '0');
INSERT INTO `cards` VALUES ('19', '19', '佐竹美奈子【N】', '01', '01', '2017-06-29', '0', '0', '2020-01-20 20:37:19', '2020-01-20 20:37:19', '0');
INSERT INTO `cards` VALUES ('20', '20', '所恵美【N】', '01', '02', '2017-06-29', '0', '0', '2020-01-20 20:37:19', '2020-01-20 20:37:19', '0');
INSERT INTO `cards` VALUES ('21', '21', '徳川まつり【N】', '01', '01', '2017-06-29', '0', '0', '2020-01-20 20:37:19', '2020-01-20 20:37:19', '0');
INSERT INTO `cards` VALUES ('22', '22', '箱崎星梨花【N】', '01', '03', '2017-06-29', '0', '0', '2020-01-20 20:37:19', '2020-01-20 20:37:19', '0');
INSERT INTO `cards` VALUES ('23', '23', '野々原茜【N】', '01', '03', '2017-06-29', '0', '0', '2020-01-20 20:37:19', '2020-01-20 20:37:19', '0');
INSERT INTO `cards` VALUES ('24', '24', '望月杏奈【N】', '01', '03', '2017-06-29', '0', '0', '2020-01-20 20:37:19', '2020-01-20 20:37:19', '0');
INSERT INTO `cards` VALUES ('25', '25', 'ロコ【N】', '01', '02', '2017-06-29', '0', '0', '2020-01-20 20:37:19', '2020-01-20 20:37:19', '0');
INSERT INTO `cards` VALUES ('26', '26', '七尾百合子【N】', '01', '01', '2017-06-29', '0', '0', '2020-01-20 20:37:19', '2020-01-20 20:37:19', '0');
INSERT INTO `cards` VALUES ('27', '27', '高山紗代子【N】', '01', '01', '2017-06-29', '0', '0', '2020-01-20 20:37:19', '2020-01-20 20:37:19', '0');
INSERT INTO `cards` VALUES ('28', '28', '松田亜利沙【N】', '01', '01', '2017-06-29', '0', '0', '2020-01-20 20:37:19', '2020-01-20 20:37:19', '0');
INSERT INTO `cards` VALUES ('29', '29', '高坂海美【N】', '01', '01', '2017-06-29', '0', '0', '2020-01-20 20:37:19', '2020-01-20 20:37:19', '0');
INSERT INTO `cards` VALUES ('30', '30', '中谷育【N】', '01', '01', '2017-06-29', '0', '0', '2020-01-20 20:37:19', '2020-01-20 20:37:19', '0');
INSERT INTO `cards` VALUES ('31', '31', '天空橋朋花【N】', '01', '02', '2017-06-29', '0', '0', '2020-01-20 20:37:19', '2020-01-20 20:37:19', '0');
INSERT INTO `cards` VALUES ('32', '32', 'エミリー【N】', '01', '01', '2017-06-29', '0', '0', '2020-01-20 20:37:19', '2020-01-20 20:37:19', '0');
INSERT INTO `cards` VALUES ('33', '33', '北沢志保【N】', '01', '02', '2017-06-29', '0', '0', '2020-01-20 20:37:19', '2020-01-20 20:37:19', '0');
INSERT INTO `cards` VALUES ('34', '34', '舞浜歩【N】', '01', '02', '2017-06-29', '0', '0', '2020-01-20 20:37:19', '2020-01-20 20:37:19', '0');
INSERT INTO `cards` VALUES ('35', '35', '木下ひなた【N】', '01', '03', '2017-06-29', '0', '0', '2020-01-20 20:37:19', '2020-01-20 20:37:19', '0');
INSERT INTO `cards` VALUES ('36', '36', '矢吹可奈【N】', '01', '01', '2017-06-29', '0', '0', '2020-01-20 20:37:19', '2020-01-20 20:37:19', '0');
INSERT INTO `cards` VALUES ('37', '37', '横山奈緒【N】', '01', '01', '2017-06-29', '0', '0', '2020-01-20 20:37:19', '2020-01-20 20:37:19', '0');
INSERT INTO `cards` VALUES ('38', '38', '二階堂千鶴【N】', '01', '02', '2017-06-29', '0', '0', '2020-01-20 20:37:19', '2020-01-20 20:37:19', '0');
INSERT INTO `cards` VALUES ('39', '39', '馬場このみ【N】', '01', '03', '2017-06-29', '0', '0', '2020-01-20 20:37:19', '2020-01-20 20:37:19', '0');
INSERT INTO `cards` VALUES ('40', '40', '大神環【N】', '01', '03', '2017-06-29', '0', '0', '2020-01-20 20:37:19', '2020-01-20 20:37:19', '0');
INSERT INTO `cards` VALUES ('41', '41', '豊川風花【N】', '01', '03', '2017-06-29', '0', '0', '2020-01-20 20:37:19', '2020-01-20 20:37:19', '0');
INSERT INTO `cards` VALUES ('42', '42', '宮尾美也【N】', '01', '03', '2017-06-29', '0', '0', '2020-01-20 20:37:19', '2020-01-20 20:37:19', '0');
INSERT INTO `cards` VALUES ('43', '43', '福田のり子【N】', '01', '01', '2017-06-29', '0', '0', '2020-01-20 20:37:19', '2020-01-20 20:37:19', '0');
INSERT INTO `cards` VALUES ('44', '44', '真壁瑞希【N】', '01', '02', '2017-06-29', '0', '0', '2020-01-20 20:37:19', '2020-01-20 20:37:19', '0');
INSERT INTO `cards` VALUES ('45', '45', '篠宮可憐【N】', '01', '03', '2017-06-29', '0', '0', '2020-01-20 20:37:19', '2020-01-20 20:37:19', '0');
INSERT INTO `cards` VALUES ('46', '46', '百瀬莉緒【N】', '01', '02', '2017-06-29', '0', '0', '2020-01-20 20:37:19', '2020-01-20 20:37:19', '0');
INSERT INTO `cards` VALUES ('47', '47', '永吉昴【N】', '01', '02', '2017-06-29', '0', '0', '2020-01-20 20:37:19', '2020-01-20 20:37:19', '0');
INSERT INTO `cards` VALUES ('48', '48', '北上麗花【N】', '01', '03', '2017-06-29', '0', '0', '2020-01-20 20:37:19', '2020-01-20 20:37:19', '0');
INSERT INTO `cards` VALUES ('49', '49', '周防桃子【N】', '01', '02', '2017-06-29', '0', '0', '2020-01-20 20:37:19', '2020-01-20 20:37:19', '0');
INSERT INTO `cards` VALUES ('50', '50', 'ジュリア【N】', '01', '02', '2017-06-29', '0', '0', '2020-01-20 20:37:19', '2020-01-20 20:37:19', '0');
INSERT INTO `cards` VALUES ('51', '51', '白石紬【N】', '01', '02', '2017-06-29', '0', '0', '2020-01-20 20:37:19', '2020-01-20 20:37:19', '0');
INSERT INTO `cards` VALUES ('52', '52', '桜守歌織【N】', '01', '03', '2017-06-29', '0', '0', '2020-01-20 20:37:19', '2020-01-20 20:37:19', '0');
INSERT INTO `cards` VALUES ('53', '1', 'みんなでつくるステージ　天海春香', '02', '01', '2017-06-29', '1', '0', '2020-01-20 20:37:19', '2020-01-20 20:37:19', '0');
INSERT INTO `cards` VALUES ('54', '5', '元気100倍ステージ　高槻やよい', '02', '03', '2017-06-29', '1', '0', '2020-01-20 20:37:19', '2020-01-20 20:37:19', '0');
INSERT INTO `cards` VALUES ('55', '6', '全力投球！　菊地真', '02', '01', '2017-06-29', '1', '0', '2020-01-20 20:37:19', '2020-01-20 20:37:19', '0');
INSERT INTO `cards` VALUES ('56', '7', 'お嬢様のたしなみ　水瀬伊織', '02', '02', '2017-06-29', '1', '0', '2020-01-20 20:37:19', '2020-01-20 20:37:19', '0');
INSERT INTO `cards` VALUES ('57', '10', 'おとなのお花見　三浦あずさ', '02', '03', '2017-06-29', '1', '0', '2020-01-20 20:37:19', '2020-01-20 20:37:19', '0');
INSERT INTO `cards` VALUES ('58', '11', '天真爛漫　双海亜美', '02', '03', '2017-06-29', '1', '0', '2020-01-20 20:37:19', '2020-01-20 20:37:19', '0');
INSERT INTO `cards` VALUES ('59', '13', '困惑ゴシック　我那覇響', '02', '01', '2017-06-29', '1', '0', '2020-01-20 20:37:19', '2020-01-20 20:37:19', '0');
INSERT INTO `cards` VALUES ('60', '14', 'シアターデイズ　春日未来', '02', '01', '2017-06-29', '1', '0', '2020-01-20 20:37:19', '2020-01-20 20:37:19', '0');
INSERT INTO `cards` VALUES ('61', '15', 'シアターデイズ　最上静香', '02', '02', '2017-06-29', '1', '0', '2020-01-20 20:37:19', '2020-01-20 20:37:19', '0');
INSERT INTO `cards` VALUES ('62', '16', 'シアターデイズ　伊吹翼', '02', '03', '2017-06-29', '1', '0', '2020-01-20 20:37:19', '2020-01-20 20:37:19', '0');
INSERT INTO `cards` VALUES ('63', '18', 'カーニバルステージ　島原エレナ', '02', '03', '2017-06-29', '1', '0', '2020-01-20 20:37:19', '2020-01-20 20:37:19', '0');
INSERT INTO `cards` VALUES ('64', '19', 'みなぎる元気　佐竹美奈子', '02', '01', '2017-06-29', '1', '0', '2020-01-20 20:37:19', '2020-01-20 20:37:19', '0');
INSERT INTO `cards` VALUES ('65', '20', 'ラグジュアルステージ　所恵美', '02', '02', '2017-06-29', '1', '0', '2020-01-20 20:37:19', '2020-01-20 20:37:19', '0');
INSERT INTO `cards` VALUES ('66', '22', 'はじめてのステージ　箱崎星梨花', '02', '03', '2017-06-29', '1', '0', '2020-01-20 20:37:19', '2020-01-20 20:37:19', '0');
INSERT INTO `cards` VALUES ('67', '25', '笑顔のブライダル　ロコ', '02', '02', '2017-06-29', '1', '0', '2020-01-20 20:37:19', '2020-01-20 20:37:19', '0');
INSERT INTO `cards` VALUES ('68', '26', '不思議の国のアリス　七尾百合子', '02', '01', '2017-06-29', '1', '0', '2020-01-20 20:37:19', '2020-01-20 20:37:19', '0');
INSERT INTO `cards` VALUES ('69', '30', 'フラワースマイル　中谷育', '02', '01', '2017-06-29', '1', '0', '2020-01-20 20:37:19', '2020-01-20 20:37:19', '0');
INSERT INTO `cards` VALUES ('70', '32', '大和撫子のご挨拶　エミリー', '02', '01', '2017-06-29', '1', '0', '2020-01-20 20:37:19', '2020-01-20 20:37:19', '0');
INSERT INTO `cards` VALUES ('71', '33', '静かな闘志　北沢志保', '02', '02', '2017-06-29', '1', '0', '2020-01-20 20:37:19', '2020-01-20 20:37:19', '0');
INSERT INTO `cards` VALUES ('72', '36', 'コンコンこぎつね　矢吹可奈', '02', '01', '2017-06-29', '1', '0', '2020-01-20 20:37:19', '2020-01-20 20:37:19', '0');
INSERT INTO `cards` VALUES ('73', '38', '純情乙女なお嬢様　二階堂千鶴', '02', '02', '2017-06-29', '1', '0', '2020-01-20 20:37:19', '2020-01-20 20:37:19', '0');
INSERT INTO `cards` VALUES ('74', '39', '宴もたけなわ　馬場このみ', '02', '03', '2017-06-29', '1', '0', '2020-01-20 20:37:19', '2020-01-20 20:37:19', '0');
INSERT INTO `cards` VALUES ('75', '40', 'こぶんのヒミツ基地！　大神環', '02', '03', '2017-06-29', '1', '0', '2020-01-20 20:37:19', '2020-01-20 20:37:19', '0');
INSERT INTO `cards` VALUES ('76', '44', '無表情MC　真壁瑞希', '02', '02', '2017-06-29', '1', '0', '2020-01-20 20:37:19', '2020-01-20 20:37:19', '0');
INSERT INTO `cards` VALUES ('77', '51', 'シアターデイズ　白石紬', '02', '02', '2017-06-29', '1', '0', '2020-01-20 20:37:19', '2020-01-20 20:37:19', '0');
INSERT INTO `cards` VALUES ('78', '52', 'シアターデイズ　桜守歌織', '02', '03', '2017-06-29', '1', '0', '2020-01-20 20:37:19', '2020-01-20 20:37:19', '0');
INSERT INTO `cards` VALUES ('79', '2', 'まばゆい星海　如月千早', '03', '02', '2017-06-29', '1', '0', '2020-01-20 20:37:19', '2020-01-20 20:37:19', '0');
INSERT INTO `cards` VALUES ('80', '3', '一瞬のウインク　星井美希', '03', '03', '2017-06-29', '1', '0', '2020-01-20 20:37:19', '2020-01-20 20:37:19', '0');
INSERT INTO `cards` VALUES ('81', '4', '天使の目覚め　萩原雪歩', '03', '01', '2017-06-29', '1', '0', '2020-01-20 20:37:19', '2020-01-20 20:37:19', '0');
INSERT INTO `cards` VALUES ('82', '8', '望郷の想い　四条貴音', '03', '02', '2017-06-29', '1', '0', '2020-01-20 20:37:19', '2020-01-20 20:37:19', '0');
INSERT INTO `cards` VALUES ('83', '9', '夢のお出迎え　秋月律子', '03', '02', '2017-06-29', '1', '0', '2020-01-20 20:37:19', '2020-01-20 20:37:19', '0');
INSERT INTO `cards` VALUES ('84', '12', 'キューティーウェイトレス　双海真美', '03', '03', '2017-06-29', '1', '0', '2020-01-20 20:37:19', '2020-01-20 20:37:19', '0');
INSERT INTO `cards` VALUES ('85', '21', 'セクシークロコダイル　徳川まつり', '03', '01', '2017-06-29', '1', '0', '2020-01-20 20:37:19', '2020-01-20 20:37:19', '0');
INSERT INTO `cards` VALUES ('86', '23', '真夏の川遊び　野々原茜', '03', '03', '2017-06-29', '1', '0', '2020-01-20 20:37:19', '2020-01-20 20:37:19', '0');
INSERT INTO `cards` VALUES ('87', '24', '聖剣覚醒　望月杏奈', '03', '03', '2017-06-29', '1', '0', '2020-01-20 20:37:19', '2020-01-20 20:37:19', '0');
INSERT INTO `cards` VALUES ('88', '27', 'あったかコーヒー　高山紗代子', '03', '01', '2017-06-29', '1', '0', '2020-01-20 20:37:19', '2020-01-20 20:37:19', '0');
INSERT INTO `cards` VALUES ('89', '28', '純白の笑顔　松田亜利沙', '03', '01', '2017-06-29', '1', '0', '2020-01-20 20:37:19', '2020-01-20 20:37:19', '0');
INSERT INTO `cards` VALUES ('90', '29', 'うきうきサーフィン　高坂海美', '03', '01', '2017-06-29', '1', '0', '2020-01-20 20:37:19', '2020-01-20 20:37:19', '0');
INSERT INTO `cards` VALUES ('91', '31', '優雅なグリーティング　天空橋朋花', '03', '02', '2017-06-29', '1', '0', '2020-01-20 20:37:19', '2020-01-20 20:37:19', '0');
INSERT INTO `cards` VALUES ('92', '34', '夕焼けキャニオン　舞浜歩', '03', '02', '2017-06-29', '1', '0', '2020-01-20 20:37:19', '2020-01-20 20:37:19', '0');
INSERT INTO `cards` VALUES ('93', '35', '純白ドレスアップ　木下ひなた', '03', '03', '2017-06-29', '1', '0', '2020-01-20 20:37:19', '2020-01-20 20:37:19', '0');
INSERT INTO `cards` VALUES ('94', '37', '宵の打ち上げ　横山奈緒', '03', '01', '2017-06-29', '1', '0', '2020-01-20 20:37:19', '2020-01-20 20:37:19', '0');
INSERT INTO `cards` VALUES ('95', '41', 'ちょっぴり刺激的に　豊川風花', '03', '03', '2017-06-29', '1', '0', '2020-01-20 20:37:19', '2020-01-20 20:37:19', '0');
INSERT INTO `cards` VALUES ('96', '42', 'マジカルクイーン　宮尾美也', '03', '03', '2017-06-29', '1', '0', '2020-01-20 20:37:19', '2020-01-20 20:37:19', '0');
INSERT INTO `cards` VALUES ('97', '43', 'しっとり夕涼み　福田のり子', '03', '01', '2017-06-29', '1', '0', '2020-01-20 20:37:19', '2020-01-20 20:37:19', '0');
INSERT INTO `cards` VALUES ('98', '45', '自然体の笑顔　篠宮可憐', '03', '03', '2017-06-29', '1', '0', '2020-01-20 20:37:19', '2020-01-20 20:37:19', '0');
INSERT INTO `cards` VALUES ('99', '46', 'お約束サンオイル　百瀬莉緒', '03', '02', '2017-06-29', '1', '0', '2020-01-20 20:37:19', '2020-01-20 20:37:19', '0');
INSERT INTO `cards` VALUES ('100', '47', '照れ顔ビューティー　永吉昴', '03', '02', '2017-06-29', '1', '0', '2020-01-20 20:37:19', '2020-01-20 20:37:19', '0');
INSERT INTO `cards` VALUES ('101', '48', '熟睡ガール　北上麗花', '03', '03', '2017-06-29', '1', '0', '2020-01-20 20:37:19', '2020-01-20 20:37:19', '0');
INSERT INTO `cards` VALUES ('102', '49', 'お願いパジャマ　周防桃子', '03', '02', '2017-06-29', '1', '0', '2020-01-20 20:37:19', '2020-01-20 20:37:19', '0');
INSERT INTO `cards` VALUES ('103', '50', 'Rock of dawn　ジュリア', '03', '02', '2017-06-29', '1', '0', '2020-01-20 20:37:19', '2020-01-20 20:37:19', '0');
INSERT INTO `cards` VALUES ('104', '1', 'ようこそ私達の劇場へ！　天海春香', '04', '01', '2017-06-29', '1', '0', '2020-01-20 20:37:19', '2020-01-20 20:37:19', '0');
INSERT INTO `cards` VALUES ('105', '14', 'はじまりの場所　春日未来', '04', '01', '2017-06-29', '1', '0', '2020-01-20 20:37:19', '2020-01-20 20:37:19', '0');
INSERT INTO `cards` VALUES ('106', '15', '光輝く星のように　最上静香', '04', '02', '2017-06-29', '1', '0', '2020-01-20 20:37:19', '2020-01-20 20:37:19', '0');
INSERT INTO `cards` VALUES ('107', '16', 'みんなの視線を一人占め♪　伊吹翼', '04', '03', '2017-06-29', '1', '0', '2020-01-20 20:37:19', '2020-01-20 20:37:19', '0');
INSERT INTO `cards` VALUES ('108', '51', '踏み出した夢への一歩　白石紬', '04', '02', '2017-06-29', '1', '0', '2020-01-20 20:37:19', '2020-01-20 20:37:19', '0');
INSERT INTO `cards` VALUES ('109', '52', '音楽で紡ぎ出す世界　桜守歌織', '04', '03', '2017-06-29', '1', '0', '2020-01-20 20:37:19', '2020-01-20 20:37:19', '0');
INSERT INTO `cards` VALUES ('110', '26', '渚のサンシャインガール　七尾百合子', '04', '01', '2017-07-13', '1', '1', '2020-01-20 20:37:19', '2020-01-20 20:37:19', '0');
INSERT INTO `cards` VALUES ('111', '8', '優雅なひととき　四条貴音', '04', '02', '2017-07-13', '1', '0', '2020-01-20 20:37:19', '2020-01-20 20:37:19', '0');
INSERT INTO `cards` VALUES ('112', '39', '遅咲きグラビアクイーン　馬場このみ', '03', '03', '2017-07-13', '1', '1', '2020-01-20 20:37:19', '2020-01-20 20:37:19', '0');
INSERT INTO `cards` VALUES ('113', '18', 'ワンダフルビーチ　島原エレナ', '03', '03', '2017-07-21', '0', '0', '2020-01-20 20:37:19', '2020-01-20 20:37:19', '0');
INSERT INTO `cards` VALUES ('114', '44', 'ほのぼの砂遊び　真壁瑞希', '03', '02', '2017-07-21', '0', '0', '2020-01-20 20:37:19', '2020-01-20 20:37:19', '0');
INSERT INTO `cards` VALUES ('115', '21', '浜辺のプリンセス　徳川まつり', '02', '01', '2017-07-21', '1', '0', '2020-01-20 20:37:19', '2020-01-20 20:37:19', '0');
INSERT INTO `cards` VALUES ('116', '22', 'ファンシードリーミング　箱崎星梨花', '04', '03', '2017-07-24', '1', '0', '2020-01-20 20:37:19', '2020-01-20 20:37:19', '0');
INSERT INTO `cards` VALUES ('117', '36', 'ブレーメンの音楽隊　矢吹可奈', '03', '01', '2017-07-24', '1', '0', '2020-01-20 20:37:19', '2020-01-20 20:37:19', '0');
INSERT INTO `cards` VALUES ('118', '34', '急接近スペースライド　舞浜歩', '02', '02', '2017-07-24', '1', '0', '2020-01-20 20:37:19', '2020-01-20 20:37:19', '0');
INSERT INTO `cards` VALUES ('119', '20', '魅惑のアクアヴィーナス　所恵美', '04', '02', '2017-07-31', '1', '1', '2020-01-20 20:37:19', '2020-01-20 20:37:19', '0');
INSERT INTO `cards` VALUES ('120', '10', 'ウォータードリーム　三浦あずさ', '04', '03', '2017-07-31', '1', '0', '2020-01-20 20:37:19', '2020-01-20 20:37:19', '0');
INSERT INTO `cards` VALUES ('121', '27', '探してロストボール　高山紗代子', '03', '01', '2017-07-31', '1', '1', '2020-01-20 20:37:19', '2020-01-20 20:37:19', '0');
INSERT INTO `cards` VALUES ('122', '32', '清麗高雅なお嬢様　エミリー', '04', '01', '2017-08-09', '1', '0', '2020-01-20 20:37:19', '2020-01-20 20:37:19', '0');
INSERT INTO `cards` VALUES ('123', '45', 'ほっと一息　篠宮可憐', '03', '03', '2017-08-09', '1', '0', '2020-01-20 20:37:19', '2020-01-20 20:37:19', '0');
INSERT INTO `cards` VALUES ('124', '9', 'プライベートスナップ　秋月律子', '02', '02', '2017-08-09', '1', '0', '2020-01-20 20:37:19', '2020-01-20 20:37:19', '0');
INSERT INTO `cards` VALUES ('125', '33', 'クレシェンドブルー　北沢志保', '03', '02', '2017-08-12', '0', '0', '2020-01-20 20:37:19', '2020-01-20 20:37:19', '0');
INSERT INTO `cards` VALUES ('126', '23', 'クレシェンドブルー　野々原茜', '03', '03', '2017-08-12', '0', '0', '2020-01-20 20:37:19', '2020-01-20 20:37:19', '0');
INSERT INTO `cards` VALUES ('127', '42', 'きらめきに身を委ねて　宮尾美也', '04', '03', '2017-08-22', '1', '0', '2020-01-20 20:37:19', '2020-01-20 20:37:19', '0');
INSERT INTO `cards` VALUES ('128', '7', '強がりスライダー　水瀬伊織', '03', '02', '2017-08-22', '1', '0', '2020-01-20 20:37:19', '2020-01-20 20:37:19', '0');
INSERT INTO `cards` VALUES ('129', '29', '気合充填！　高坂海美', '02', '01', '2017-08-22', '1', '0', '2020-01-20 20:37:19', '2020-01-20 20:37:19', '0');
INSERT INTO `cards` VALUES ('130', '19', '大きくなーれ！　佐竹美奈子', '03', '01', '2017-08-23', '0', '0', '2020-01-20 20:37:19', '2020-01-20 20:37:19', '0');
INSERT INTO `cards` VALUES ('131', '6', '夢のお姫様　菊地真', '03', '01', '2017-08-23', '0', '0', '2020-01-20 20:37:19', '2020-01-20 20:37:19', '0');
INSERT INTO `cards` VALUES ('132', '48', '無邪気な音色　北上麗花', '02', '03', '2017-08-23', '1', '0', '2020-01-20 20:37:19', '2020-01-20 20:37:19', '0');
INSERT INTO `cards` VALUES ('133', '41', '癒やしの楽園　豊川風花', '04', '03', '2017-08-31', '1', '1', '2020-01-20 20:37:19', '2020-01-20 20:37:19', '0');
INSERT INTO `cards` VALUES ('134', '13', '伝わる思い　我那覇響', '04', '01', '2017-08-31', '1', '0', '2020-01-20 20:37:19', '2020-01-20 20:37:19', '0');
INSERT INTO `cards` VALUES ('135', '31', '楽しいイルカショー　天空橋朋花', '03', '02', '2017-08-31', '1', '1', '2020-01-20 20:37:19', '2020-01-20 20:37:19', '0');
INSERT INTO `cards` VALUES ('136', '5', 'おやすみ♪　高槻やよい', '03', '03', '2017-09-08', '0', '0', '2020-01-20 20:37:19', '2020-01-20 20:37:19', '0');
INSERT INTO `cards` VALUES ('137', '30', 'おやすみ♪　中谷育', '03', '01', '2017-09-08', '0', '0', '2020-01-20 20:37:19', '2020-01-20 20:37:19', '0');
INSERT INTO `cards` VALUES ('138', '50', 'シャイニングワールド　ジュリア', '04', '02', '2017-09-12', '1', '0', '2020-01-20 20:37:19', '2020-01-20 20:37:19', '0');
INSERT INTO `cards` VALUES ('139', '11', 'マーベラスハンマー　双海亜美', '03', '03', '2017-09-12', '1', '0', '2020-01-20 20:37:19', '2020-01-20 20:37:19', '0');
INSERT INTO `cards` VALUES ('140', '24', 'ハイテンション親指姫　望月杏奈', '02', '03', '2017-09-12', '1', '0', '2020-01-20 20:37:19', '2020-01-20 20:37:19', '0');
INSERT INTO `cards` VALUES ('141', '36', '笑顔咲かせるマーチング　矢吹可奈', '04', '01', '2017-09-20', '1', '0', '2020-01-20 20:37:19', '2020-01-20 20:37:19', '0');
INSERT INTO `cards` VALUES ('142', '37', 'ラブリークレープ　横山奈緒', '03', '01', '2017-09-20', '1', '0', '2020-01-20 20:37:19', '2020-01-20 20:37:19', '0');
INSERT INTO `cards` VALUES ('143', '46', '甘ーいサプライズ　百瀬莉緒', '02', '02', '2017-09-20', '1', '0', '2020-01-20 20:37:19', '2020-01-20 20:37:19', '0');
INSERT INTO `cards` VALUES ('144', '8', '水面に浮かぶ月　四条貴音', '03', '02', '2017-09-21', '0', '0', '2020-01-20 20:37:19', '2020-01-20 20:37:19', '0');
INSERT INTO `cards` VALUES ('145', '40', 'くったりのぼせ顔　大神環', '03', '03', '2017-09-21', '0', '0', '2020-01-20 20:37:19', '2020-01-20 20:37:19', '0');
INSERT INTO `cards` VALUES ('146', '43', '全力まくら投げ！　福田のり子', '02', '01', '2017-09-21', '1', '0', '2020-01-20 20:37:19', '2020-01-20 20:37:19', '0');
INSERT INTO `cards` VALUES ('147', '26', '乙女ストーム！　七尾百合子', '03', '01', '2017-09-30', '0', '0', '2020-01-20 20:37:19', '2020-01-20 20:37:19', '0');
INSERT INTO `cards` VALUES ('148', '44', '乙女ストーム！　真壁瑞希', '03', '02', '2017-09-30', '0', '0', '2020-01-20 20:37:19', '2020-01-20 20:37:19', '0');
INSERT INTO `cards` VALUES ('149', '19', 'スマイルハロウィン！　佐竹美奈子', '04', '01', '2017-09-30', '1', '1', '2020-01-20 20:37:19', '2020-01-20 20:37:19', '0');
INSERT INTO `cards` VALUES ('150', '7', 'キューティートリック♪　水瀬伊織', '04', '02', '2017-09-30', '1', '0', '2020-01-20 20:37:19', '2020-01-20 20:37:19', '0');
INSERT INTO `cards` VALUES ('151', '23', 'ホラーナイトパレード　野々原茜', '03', '03', '2017-09-30', '1', '1', '2020-01-20 20:37:19', '2020-01-20 20:37:19', '0');
INSERT INTO `cards` VALUES ('152', '35', 'あま～い森へようこそ♪　木下ひなた', '04', '03', '2017-10-11', '1', '0', '2020-01-20 20:37:19', '2020-01-20 20:37:19', '0');
INSERT INTO `cards` VALUES ('153', '4', 'シークレットライブ！　萩原雪歩', '03', '01', '2017-10-11', '1', '0', '2020-01-20 20:37:19', '2020-01-20 20:37:19', '0');
INSERT INTO `cards` VALUES ('154', '1', 'ひたむきチャレンジ！　天海春香', '02', '01', '2017-10-11', '1', '0', '2020-01-20 20:37:19', '2020-01-20 20:37:19', '0');
INSERT INTO `cards` VALUES ('155', '22', 'ラブリーシルエット　箱崎星梨花', '03', '03', '2017-10-13', '0', '0', '2020-01-20 20:37:19', '2020-01-20 20:37:19', '0');
INSERT INTO `cards` VALUES ('156', '32', 'フレッシュスタイル　エミリー', '03', '01', '2017-10-13', '0', '0', '2020-01-20 20:37:19', '2020-01-20 20:37:19', '0');
INSERT INTO `cards` VALUES ('157', '42', 'マイペースユニット　宮尾美也', '02', '03', '2017-10-13', '1', '0', '2020-01-20 20:37:19', '2020-01-20 20:37:19', '0');
INSERT INTO `cards` VALUES ('158', '15', 'FAIRY STARS　最上静香', '03', '02', '2017-10-20', '0', '0', '2020-01-20 20:37:19', '2020-01-20 20:37:19', '0');
INSERT INTO `cards` VALUES ('159', '51', 'FAIRY STARS　白石紬', '03', '02', '2017-10-20', '0', '0', '2020-01-20 20:37:19', '2020-01-20 20:37:19', '0');
INSERT INTO `cards` VALUES ('160', '38', 'まばゆいマドモワゼル　二階堂千鶴', '04', '02', '2017-10-20', '1', '0', '2020-01-20 20:37:19', '2020-01-20 20:37:19', '0');
INSERT INTO `cards` VALUES ('161', '10', '極上のシルエット　三浦あずさ', '03', '03', '2017-10-20', '1', '0', '2020-01-20 20:37:19', '2020-01-20 20:37:19', '0');
INSERT INTO `cards` VALUES ('162', '2', 'メルヘンメイド　如月千早', '02', '02', '2017-10-20', '1', '0', '2020-01-20 20:37:19', '2020-01-20 20:37:19', '0');
INSERT INTO `cards` VALUES ('163', '33', '秋色に染まる世界　北沢志保', '04', '02', '2017-10-31', '1', '1', '2020-01-20 20:37:19', '2020-01-20 20:37:19', '0');
INSERT INTO `cards` VALUES ('164', '11', '秋を彩るエンターテイナー　双海亜美', '04', '03', '2017-10-31', '1', '0', '2020-01-20 20:37:19', '2020-01-20 20:37:19', '0');
INSERT INTO `cards` VALUES ('165', '36', '画家とモデルと　矢吹可奈', '03', '01', '2017-10-31', '1', '1', '2020-01-20 20:37:19', '2020-01-20 20:37:19', '0');
INSERT INTO `cards` VALUES ('166', '46', 'ARRIVE　百瀬莉緒', '03', '02', '2017-11-01', '0', '0', '2020-01-20 20:37:19', '2020-01-20 20:37:19', '0');
INSERT INTO `cards` VALUES ('167', '18', 'ARRIVE　島原エレナ', '03', '03', '2017-11-01', '0', '0', '2020-01-20 20:37:19', '2020-01-20 20:37:19', '0');
INSERT INTO `cards` VALUES ('168', '29', 'ハツラツエネルギー！　高坂海美', '03', '01', '2017-11-11', '0', '0', '2020-01-20 20:37:19', '2020-01-20 20:37:19', '0');
INSERT INTO `cards` VALUES ('169', '47', 'エレクトロフェアリー　永吉昴', '03', '02', '2017-11-11', '0', '0', '2020-01-20 20:37:19', '2020-01-20 20:37:19', '0');
INSERT INTO `cards` VALUES ('170', '37', '元気ハツラツから回り　横山奈緒', '02', '01', '2017-11-11', '1', '0', '2020-01-20 20:37:19', '2020-01-20 20:37:19', '0');
INSERT INTO `cards` VALUES ('171', '30', '今日も元気いっぱい！　中谷育', '04', '01', '2017-11-13', '1', '0', '2020-01-20 20:37:19', '2020-01-20 20:37:19', '0');
INSERT INTO `cards` VALUES ('172', '20', '星空のアリエス　所恵美', '03', '02', '2017-11-13', '1', '0', '2020-01-20 20:37:19', '2020-01-20 20:37:19', '0');
INSERT INTO `cards` VALUES ('173', '49', '春の桃子コーデ　周防桃子', '02', '02', '2017-11-13', '1', '0', '2020-01-20 20:37:19', '2020-01-20 20:37:19', '0');
INSERT INTO `cards` VALUES ('174', '40', 'リトルレースクイーン　大神環', '04', '03', '2017-11-21', '1', '0', '2020-01-20 20:37:19', '2020-01-20 20:37:19', '0');
INSERT INTO `cards` VALUES ('175', '43', 'ふたりの指定席　福田のり子', '03', '01', '2017-11-21', '1', '0', '2020-01-20 20:37:19', '2020-01-20 20:37:19', '0');
INSERT INTO `cards` VALUES ('176', '3', '小悪魔サーキットレディ　星井美希', '02', '03', '2017-11-21', '1', '0', '2020-01-20 20:37:19', '2020-01-20 20:37:19', '0');
INSERT INTO `cards` VALUES ('177', '16', 'ANGEL STARS　伊吹翼', '03', '03', '2017-11-21', '0', '0', '2020-01-20 20:37:19', '2020-01-20 20:37:19', '0');
INSERT INTO `cards` VALUES ('178', '52', 'ANGEL STARS　桜守歌織', '03', '03', '2017-11-21', '0', '0', '2020-01-20 20:37:19', '2020-01-20 20:37:19', '0');
INSERT INTO `cards` VALUES ('179', '24', 'ハッピーメリークリスマス　望月杏奈', '04', '03', '2017-11-30', '1', '1', '2020-01-20 20:37:19', '2020-01-20 20:37:19', '0');
INSERT INTO `cards` VALUES ('180', '4', '星降る聖夜　萩原雪歩', '04', '01', '2017-11-30', '1', '0', '2020-01-20 20:37:19', '2020-01-20 20:37:19', '0');
INSERT INTO `cards` VALUES ('181', '44', 'てづくりのスノードーム　真壁瑞希', '03', '02', '2017-11-30', '1', '1', '2020-01-20 20:37:19', '2020-01-20 20:37:19', '0');
INSERT INTO `cards` VALUES ('182', '12', 'ミックスナッツ　双海真美', '03', '03', '2017-12-04', '0', '0', '2020-01-20 20:37:19', '2020-01-20 20:37:19', '0');
INSERT INTO `cards` VALUES ('183', '19', 'ミックスナッツ　佐竹美奈子', '03', '01', '2017-12-04', '0', '0', '2020-01-20 20:37:19', '2020-01-20 20:37:19', '0');
INSERT INTO `cards` VALUES ('184', '34', '常夏パラダイス！　舞浜歩', '04', '02', '2017-12-13', '1', '0', '2020-01-20 20:37:19', '2020-01-20 20:37:19', '0');
INSERT INTO `cards` VALUES ('185', '42', '夢ごこちハンモック　宮尾美也', '03', '03', '2017-12-13', '1', '0', '2020-01-20 20:37:19', '2020-01-20 20:37:19', '0');
INSERT INTO `cards` VALUES ('186', '50', '基本が大事！　ジュリア', '02', '02', '2017-12-13', '1', '0', '2020-01-20 20:37:19', '2020-01-20 20:37:19', '0');
INSERT INTO `cards` VALUES ('187', '25', 'グレートアーティファクト　ロコ', '03', '02', '2017-12-13', '0', '0', '2020-01-20 20:37:19', '2020-01-20 20:37:19', '0');
INSERT INTO `cards` VALUES ('188', '48', 'バッチリ獅子舞娘　北上麗花', '03', '03', '2017-12-13', '0', '0', '2020-01-20 20:37:19', '2020-01-20 20:37:19', '0');
INSERT INTO `cards` VALUES ('189', '41', '紅白扇舞　豊川風花', '02', '03', '2017-12-13', '1', '0', '2020-01-20 20:37:19', '2020-01-20 20:37:19', '0');
INSERT INTO `cards` VALUES ('190', '27', 'ドリーミープラネット　高山紗代子', '04', '01', '2017-12-21', '1', '0', '2020-01-20 20:37:19', '2020-01-20 20:37:19', '0');
INSERT INTO `cards` VALUES ('191', '9', 'タイムトラベラー　秋月律子', '03', '02', '2017-12-21', '1', '0', '2020-01-20 20:37:19', '2020-01-20 20:37:19', '0');
INSERT INTO `cards` VALUES ('192', '28', 'お忍びバカンスごっこ　松田亜利沙', '02', '01', '2017-12-21', '1', '0', '2020-01-20 20:37:19', '2020-01-20 20:37:19', '0');
INSERT INTO `cards` VALUES ('193', '14', 'PRINCESS STARS　春日未来', '03', '01', '2017-12-21', '0', '0', '2020-01-20 20:37:19', '2020-01-20 20:37:19', '0');
INSERT INTO `cards` VALUES ('194', '21', 'PRINCESS STARS　徳川まつり', '03', '01', '2017-12-21', '0', '0', '2020-01-20 20:37:19', '2020-01-20 20:37:19', '0');
INSERT INTO `cards` VALUES ('195', '51', '都会の風に吹かれて　白石紬', '04', '02', '2017-12-27', '1', '2', '2020-01-20 20:37:19', '2020-01-20 20:37:19', '0');
INSERT INTO `cards` VALUES ('196', '52', 'ウインタースノーマジック　桜守歌織', '04', '03', '2017-12-27', '1', '2', '2020-01-20 20:37:19', '2020-01-20 20:37:19', '0');
INSERT INTO `cards` VALUES ('197', '37', '今年もダイナミックに！　横山奈緒', '04', '01', '2017-12-31', '1', '1', '2020-01-20 20:37:19', '2020-01-20 20:37:19', '0');
INSERT INTO `cards` VALUES ('198', '2', '新春の光に願いを込めて　如月千早', '04', '02', '2017-12-31', '1', '0', '2020-01-20 20:37:19', '2020-01-20 20:37:19', '0');
INSERT INTO `cards` VALUES ('199', '35', 'みんなのマスコット神さま　木下ひなた', '03', '03', '2017-12-31', '1', '1', '2020-01-20 20:37:19', '2020-01-20 20:37:19', '0');
INSERT INTO `cards` VALUES ('200', '28', 'リコッタ　松田亜利沙', '03', '01', '2018-01-04', '0', '0', '2020-01-20 20:37:19', '2020-01-20 20:37:19', '0');
INSERT INTO `cards` VALUES ('201', '49', 'リコッタ　周防桃子', '03', '02', '2018-01-04', '0', '0', '2020-01-20 20:37:19', '2020-01-20 20:37:19', '0');
INSERT INTO `cards` VALUES ('202', '39', 'トゥインクルスター　馬場このみ', '03', '03', '2018-01-12', '0', '0', '2020-01-20 20:37:19', '2020-01-20 20:37:19', '0');
INSERT INTO `cards` VALUES ('203', '1', 'いつだってお姫様　天海春香', '03', '01', '2018-01-12', '0', '0', '2020-01-20 20:37:19', '2020-01-20 20:37:19', '0');
INSERT INTO `cards` VALUES ('204', '15', 'ひとときの安らぎ　最上静香', '02', '02', '2018-01-12', '1', '0', '2020-01-20 20:37:19', '2020-01-20 20:37:19', '0');
INSERT INTO `cards` VALUES ('205', '1', 'クッキングスタディ！　天海春香', '04', '01', '2018-01-15', '1', '1', '2020-01-20 20:37:19', '2020-01-20 20:37:19', '0');
INSERT INTO `cards` VALUES ('206', '45', '魅惑のエレガントタイム　篠宮可憐', '04', '03', '2018-01-15', '1', '0', '2020-01-20 20:37:19', '2020-01-20 20:37:19', '0');
INSERT INTO `cards` VALUES ('207', '33', 'ゆったりゆず湯　北沢志保', '03', '02', '2018-01-15', '1', '0', '2020-01-20 20:37:19', '2020-01-20 20:37:19', '0');
INSERT INTO `cards` VALUES ('208', '6', 'まこまこ白ねこ　菊地真', '02', '01', '2018-01-15', '1', '0', '2020-01-20 20:37:19', '2020-01-20 20:37:19', '0');
INSERT INTO `cards` VALUES ('209', '38', '夜想令嬢　二階堂千鶴', '03', '02', '2018-01-19', '0', '0', '2020-01-20 20:37:19', '2020-01-20 20:37:19', '0');
INSERT INTO `cards` VALUES ('210', '31', '夜想令嬢　天空橋朋花', '03', '02', '2018-01-19', '0', '0', '2020-01-20 20:37:19', '2020-01-20 20:37:19', '0');
INSERT INTO `cards` VALUES ('211', '47', 'ベースボールガール　永吉昴', '04', '02', '2018-01-26', '1', '0', '2020-01-20 20:37:19', '2020-01-20 20:37:19', '0');
INSERT INTO `cards` VALUES ('212', '13', '突然の告白タイム　我那覇響', '03', '01', '2018-01-26', '1', '0', '2020-01-20 20:37:19', '2020-01-20 20:37:19', '0');
INSERT INTO `cards` VALUES ('213', '5', '頼れるお姉ちゃん　高槻やよい', '02', '03', '2018-01-26', '1', '0', '2020-01-20 20:37:19', '2020-01-20 20:37:19', '0');
INSERT INTO `cards` VALUES ('214', '44', 'みんなへ愛をこめて　真壁瑞希', '04', '02', '2018-01-31', '1', '1', '2020-01-20 20:37:19', '2020-01-20 20:37:19', '0');
INSERT INTO `cards` VALUES ('215', '12', 'うきうきスイートタイム　双海真美', '04', '03', '2018-01-31', '1', '0', '2020-01-20 20:37:19', '2020-01-20 20:37:19', '0');
INSERT INTO `cards` VALUES ('216', '32', '和みのご奉仕　エミリー', '03', '01', '2018-01-31', '1', '1', '2020-01-20 20:37:19', '2020-01-20 20:37:19', '0');
INSERT INTO `cards` VALUES ('217', '7', 'レジェンドデイズ　水瀬伊織', '03', '02', '2018-01-31', '0', '0', '2020-01-20 20:37:19', '2020-01-20 20:37:19', '0');
INSERT INTO `cards` VALUES ('218', '11', 'レジェンドデイズ　双海亜美', '03', '03', '2018-01-31', '0', '0', '2020-01-20 20:37:19', '2020-01-20 20:37:19', '0');
INSERT INTO `cards` VALUES ('219', '4', 'フレッシュスマイル　萩原雪歩', '03', '01', '2018-02-09', '0', '0', '2020-01-20 20:37:19', '2020-01-20 20:37:19', '0');
INSERT INTO `cards` VALUES ('220', '9', 'ラストチェック　秋月律子', '03', '02', '2018-02-09', '0', '0', '2020-01-20 20:37:19', '2020-01-20 20:37:19', '0');
INSERT INTO `cards` VALUES ('221', '27', '熱血エール　高山紗代子', '02', '01', '2018-02-09', '1', '0', '2020-01-20 20:37:19', '2020-01-20 20:37:19', '0');
INSERT INTO `cards` VALUES ('222', '8', 'スノーファンタジーナイト　四条貴音', '04', '02', '2018-02-11', '1', '1', '2020-01-20 20:37:19', '2020-01-20 20:37:19', '0');
INSERT INTO `cards` VALUES ('223', '29', '冬も元気いっぱい！　高坂海美', '04', '01', '2018-02-11', '1', '0', '2020-01-20 20:37:19', '2020-01-20 20:37:19', '0');
INSERT INTO `cards` VALUES ('224', '21', '麗しのスノークイ―ン　徳川まつり', '03', '01', '2018-02-11', '1', '0', '2020-01-20 20:37:19', '2020-01-20 20:37:19', '0');
INSERT INTO `cards` VALUES ('225', '10', '白銀のドレス　三浦あずさ', '02', '03', '2018-02-11', '1', '0', '2020-01-20 20:37:19', '2020-01-20 20:37:19', '0');
INSERT INTO `cards` VALUES ('226', '17', '華麗な剣さばき　田中琴葉', '02', '01', '2018-02-11', '1', '0', '2020-01-20 20:37:19', '2020-01-20 20:37:19', '0');
INSERT INTO `cards` VALUES ('227', '17', '魅惑のささやき　田中琴葉', '03', '01', '2018-02-11', '1', '0', '2020-01-20 20:37:19', '2020-01-20 20:37:19', '0');
INSERT INTO `cards` VALUES ('228', '18', 'Cleasky　島原エレナ', '03', '03', '2018-02-16', '0', '0', '2020-01-20 20:37:19', '2020-01-20 20:37:19', '0');
INSERT INTO `cards` VALUES ('229', '42', 'Cleasky　宮尾美也', '03', '03', '2018-02-16', '0', '0', '2020-01-20 20:37:19', '2020-01-20 20:37:19', '0');
INSERT INTO `cards` VALUES ('230', '48', '爽やかな風に誘われて　北上麗花', '04', '03', '2018-02-20', '1', '0', '2020-01-20 20:37:19', '2020-01-20 20:37:19', '0');
INSERT INTO `cards` VALUES ('231', '46', '戯れのお誘い　百瀬莉緒', '03', '02', '2018-02-20', '1', '0', '2020-01-20 20:37:19', '2020-01-20 20:37:19', '0');
INSERT INTO `cards` VALUES ('232', '51', 'くつろぎルームウェア　白石紬', '02', '02', '2018-02-20', '1', '0', '2020-01-20 20:37:19', '2020-01-20 20:37:19', '0');
INSERT INTO `cards` VALUES ('233', '39', '桃色セレブレーション　馬場このみ', '04', '03', '2018-02-28', '1', '1', '2020-01-20 20:37:19', '2020-01-20 20:37:19', '0');
INSERT INTO `cards` VALUES ('234', '6', '桃色スマイル♪　菊地真', '04', '01', '2018-02-28', '1', '0', '2020-01-20 20:37:19', '2020-01-20 20:37:19', '0');
INSERT INTO `cards` VALUES ('235', '50', '恥じらいお雛様　ジュリア', '03', '02', '2018-02-28', '1', '1', '2020-01-20 20:37:19', '2020-01-20 20:37:19', '0');
INSERT INTO `cards` VALUES ('236', '3', 'ミルキーウェイ　星井美希', '03', '03', '2018-03-03', '0', '0', '2020-01-20 20:37:19', '2020-01-20 20:37:19', '0');
INSERT INTO `cards` VALUES ('237', '47', 'ミルキーウェイ　永吉昴', '03', '02', '2018-03-03', '0', '0', '2020-01-20 20:37:19', '2020-01-20 20:37:19', '0');
INSERT INTO `cards` VALUES ('238', '20', '無邪気なプリンセス　所恵美', '03', '02', '2018-03-13', '0', '0', '2020-01-20 20:37:19', '2020-01-20 20:37:19', '0');
INSERT INTO `cards` VALUES ('239', '36', '無垢な恥じらい　矢吹可奈', '03', '01', '2018-03-13', '0', '0', '2020-01-20 20:37:19', '2020-01-20 20:37:19', '0');
INSERT INTO `cards` VALUES ('240', '45', 'ガチガチウェディングドレス　篠宮可憐', '02', '03', '2018-03-13', '1', '0', '2020-01-20 20:37:19', '2020-01-20 20:37:19', '0');
INSERT INTO `cards` VALUES ('241', '10', 'ハッピーブレイクタイム　三浦あずさ', '04', '03', '2018-03-14', '1', '1', '2020-01-20 20:37:19', '2020-01-20 20:37:19', '0');
INSERT INTO `cards` VALUES ('242', '49', 'おしゃまな女の子　周防桃子', '04', '02', '2018-03-14', '1', '0', '2020-01-20 20:37:19', '2020-01-20 20:37:19', '0');
INSERT INTO `cards` VALUES ('243', '24', 'デジタルラビット　望月杏奈', '03', '03', '2018-03-14', '1', '0', '2020-01-20 20:37:19', '2020-01-20 20:37:19', '0');
INSERT INTO `cards` VALUES ('244', '25', 'ジャイアントロコパフェ　ロコ', '02', '02', '2018-03-14', '1', '0', '2020-01-20 20:37:19', '2020-01-20 20:37:19', '0');
INSERT INTO `cards` VALUES ('245', '30', 'トゥインクルリズム　中谷育', '03', '01', '2018-03-20', '0', '0', '2020-01-20 20:37:19', '2020-01-20 20:37:19', '0');
INSERT INTO `cards` VALUES ('246', '26', 'トゥインクルリズム　七尾百合子', '03', '01', '2018-03-20', '0', '0', '2020-01-20 20:37:19', '2020-01-20 20:37:19', '0');
INSERT INTO `cards` VALUES ('247', '43', 'パワフルガール　福田のり子', '04', '01', '2018-03-23', '1', '0', '2020-01-20 20:37:19', '2020-01-20 20:37:19', '0');
INSERT INTO `cards` VALUES ('248', '16', '天下無敵の佇まい　伊吹翼', '03', '03', '2018-03-23', '1', '0', '2020-01-20 20:37:19', '2020-01-20 20:37:19', '0');
INSERT INTO `cards` VALUES ('249', '14', 'でたとこ太閤　春日未来', '02', '01', '2018-03-23', '1', '0', '2020-01-20 20:37:19', '2020-01-20 20:37:19', '0');
INSERT INTO `cards` VALUES ('250', '22', 'キラキラコンチェルト　箱崎星梨花', '04', '03', '2018-03-28', '1', '2', '2020-01-20 20:37:19', '2020-01-20 20:37:19', '0');
INSERT INTO `cards` VALUES ('251', '32', '凛として、華やかに　エミリー', '04', '01', '2018-03-28', '1', '2', '2020-01-20 20:37:19', '2020-01-20 20:37:19', '0');
INSERT INTO `cards` VALUES ('252', '28', 'いつだって全力！　松田亜利沙', '04', '01', '2018-03-31', '1', '1', '2020-01-20 20:37:19', '2020-01-20 20:37:19', '0');
INSERT INTO `cards` VALUES ('253', '9', 'きらめきミュージアム　秋月律子', '04', '02', '2018-03-31', '1', '0', '2020-01-20 20:37:19', '2020-01-20 20:37:19', '0');
INSERT INTO `cards` VALUES ('254', '12', '完成！サイキョープラモデル　双海真美', '03', '03', '2018-03-31', '1', '1', '2020-01-20 20:37:19', '2020-01-20 20:37:19', '0');
INSERT INTO `cards` VALUES ('255', '17', '灼熱少女　田中琴葉', '03', '01', '2018-04-03', '0', '0', '2020-01-20 20:37:19', '2020-01-20 20:37:19', '0');
INSERT INTO `cards` VALUES ('256', '20', '灼熱少女　所恵美', '03', '02', '2018-04-03', '0', '0', '2020-01-20 20:37:19', '2020-01-20 20:37:19', '0');
INSERT INTO `cards` VALUES ('257', '13', '優しく告げる春の足音　我那覇響', '04', '01', '2018-04-11', '1', '1', '2020-01-20 20:37:19', '2020-01-20 20:37:19', '0');
INSERT INTO `cards` VALUES ('258', '18', '笑顔が咲く季節　島原エレナ', '04', '03', '2018-04-11', '1', '0', '2020-01-20 20:37:19', '2020-01-20 20:37:19', '0');
INSERT INTO `cards` VALUES ('259', '40', 'ちょっぴり背伸び　大神環', '03', '03', '2018-04-11', '1', '0', '2020-01-20 20:37:19', '2020-01-20 20:37:19', '0');
INSERT INTO `cards` VALUES ('260', '4', 'おひさまスマイル　萩原雪歩', '02', '01', '2018-04-11', '1', '0', '2020-01-20 20:37:19', '2020-01-20 20:37:19', '0');
INSERT INTO `cards` VALUES ('261', '35', 'アップルメリーゴーラウンド　木下ひなた', '03', '03', '2018-04-12', '0', '0', '2020-01-20 20:37:19', '2020-01-20 20:37:19', '0');
INSERT INTO `cards` VALUES ('262', '37', '魅惑のドロップ　横山奈緒', '03', '01', '2018-04-12', '0', '0', '2020-01-20 20:37:19', '2020-01-20 20:37:19', '0');
INSERT INTO `cards` VALUES ('263', '8', 'セクシー魔女っ娘　四条貴音', '02', '02', '2018-04-12', '1', '0', '2020-01-20 20:37:19', '2020-01-20 20:37:19', '0');
INSERT INTO `cards` VALUES ('264', '44', 'EScape　真壁瑞希', '03', '02', '2018-04-20', '0', '0', '2020-01-20 20:37:19', '2020-01-20 20:37:19', '0');
INSERT INTO `cards` VALUES ('265', '33', 'EScape　北沢志保', '03', '02', '2018-04-20', '0', '0', '2020-01-20 20:37:19', '2020-01-20 20:37:19', '0');
INSERT INTO `cards` VALUES ('266', '31', 'イノセントガーデン　天空橋朋花', '04', '02', '2018-04-22', '1', '0', '2020-01-20 20:37:19', '2020-01-20 20:37:19', '0');
INSERT INTO `cards` VALUES ('267', '19', 'アヒルと水遊び　佐竹美奈子', '03', '01', '2018-04-22', '1', '0', '2020-01-20 20:37:19', '2020-01-20 20:37:19', '0');
INSERT INTO `cards` VALUES ('268', '11', 'ウルトラアイドル　双海亜美', '02', '03', '2018-04-22', '1', '0', '2020-01-20 20:37:19', '2020-01-20 20:37:19', '0');
INSERT INTO `cards` VALUES ('269', '46', 'ひらりひらりと魅せられて　百瀬莉緒', '04', '02', '2018-04-30', '1', '1', '2020-01-20 20:37:19', '2020-01-20 20:37:19', '0');
INSERT INTO `cards` VALUES ('270', '5', 'カラフルファクトリー　高槻やよい', '04', '03', '2018-04-30', '1', '0', '2020-01-20 20:37:19', '2020-01-20 20:37:19', '0');
INSERT INTO `cards` VALUES ('271', '30', '大きく咲いて　中谷育', '03', '01', '2018-04-30', '1', '1', '2020-01-20 20:37:19', '2020-01-20 20:37:19', '0');
INSERT INTO `cards` VALUES ('272', '34', 'BIRTH　舞浜歩', '03', '02', '2018-05-04', '0', '0', '2020-01-20 20:37:19', '2020-01-20 20:37:19', '0');
INSERT INTO `cards` VALUES ('273', '10', 'BIRTH　三浦あずさ', '03', '03', '2018-05-04', '0', '0', '2020-01-20 20:37:19', '2020-01-20 20:37:19', '0');
INSERT INTO `cards` VALUES ('274', '7', 'ご機嫌ローズプリンセス　水瀬伊織', '04', '02', '2018-05-11', '1', '1', '2020-01-20 20:37:19', '2020-01-20 20:37:19', '0');
INSERT INTO `cards` VALUES ('275', '21', 'ロマンティックランド　徳川まつり', '04', '01', '2018-05-11', '1', '0', '2020-01-20 20:37:19', '2020-01-20 20:37:19', '0');
INSERT INTO `cards` VALUES ('276', '2', 'アイドルの試練　如月千早', '03', '02', '2018-05-11', '1', '0', '2020-01-20 20:37:19', '2020-01-20 20:37:19', '0');
INSERT INTO `cards` VALUES ('277', '39', 'プリティーハムスター　馬場このみ', '02', '03', '2018-05-11', '1', '0', '2020-01-20 20:37:19', '2020-01-20 20:37:19', '0');
INSERT INTO `cards` VALUES ('278', '43', '戦士の沐浴　福田のり子', '03', '01', '2018-05-13', '0', '0', '2020-01-20 20:37:19', '2020-01-20 20:37:19', '0');
INSERT INTO `cards` VALUES ('279', '38', 'ナチュラルスマイル　二階堂千鶴', '03', '02', '2018-05-13', '0', '0', '2020-01-20 20:37:19', '2020-01-20 20:37:19', '0');
INSERT INTO `cards` VALUES ('280', '13', '天使のダンスタイム　我那覇響', '02', '01', '2018-05-13', '1', '0', '2020-01-20 20:37:19', '2020-01-20 20:37:19', '0');
INSERT INTO `cards` VALUES ('281', '52', '4Luxury　桜守歌織', '03', '03', '2018-05-21', '0', '0', '2020-01-20 20:37:19', '2020-01-20 20:37:19', '0');
INSERT INTO `cards` VALUES ('282', '41', '4Luxury　豊川風花', '03', '03', '2018-05-21', '0', '0', '2020-01-20 20:37:19', '2020-01-20 20:37:19', '0');
INSERT INTO `cards` VALUES ('283', '23', 'ハピ☆パラ！　野々原茜', '04', '03', '2018-05-22', '1', '0', '2020-01-20 20:37:19', '2020-01-20 20:37:19', '0');
INSERT INTO `cards` VALUES ('284', '26', '満天の星空の下　七尾百合子', '03', '01', '2018-05-22', '1', '0', '2020-01-20 20:37:19', '2020-01-20 20:37:19', '0');
INSERT INTO `cards` VALUES ('285', '47', 'ウォータースプラッシュ！　永吉昴', '02', '02', '2018-05-22', '1', '0', '2020-01-20 20:37:19', '2020-01-20 20:37:19', '0');
INSERT INTO `cards` VALUES ('286', '17', '花たちの祝福　田中琴葉', '04', '01', '2018-05-31', '1', '1', '2020-01-20 20:37:19', '2020-01-20 20:37:19', '0');
INSERT INTO `cards` VALUES ('287', '3', '恋する視線　星井美希', '04', '03', '2018-05-31', '1', '0', '2020-01-20 20:37:19', '2020-01-20 20:37:19', '0');
INSERT INTO `cards` VALUES ('288', '22', '大人になったら　箱崎星梨花', '03', '03', '2018-05-31', '1', '1', '2020-01-20 20:37:19', '2020-01-20 20:37:19', '0');
INSERT INTO `cards` VALUES ('289', '32', 'エターナルハーモニー　エミリー', '03', '01', '2018-06-04', '0', '0', '2020-01-20 20:37:19', '2020-01-20 20:37:19', '0');
INSERT INTO `cards` VALUES ('290', '50', 'エターナルハーモニー　ジュリア', '03', '02', '2018-06-04', '0', '0', '2020-01-20 20:37:19', '2020-01-20 20:37:19', '0');
INSERT INTO `cards` VALUES ('291', '11', 'おてんば看板娘　双海亜美', '04', '03', '2018-06-12', '1', '1', '2020-01-20 20:37:19', '2020-01-20 20:37:19', '0');
INSERT INTO `cards` VALUES ('292', '25', 'ロコナイズミュージック♪　ロコ', '04', '02', '2018-06-12', '1', '0', '2020-01-20 20:37:19', '2020-01-20 20:37:19', '0');
INSERT INTO `cards` VALUES ('293', '28', 'ゆったりマッサージ　松田亜利沙', '03', '01', '2018-06-12', '1', '0', '2020-01-20 20:37:19', '2020-01-20 20:37:19', '0');
INSERT INTO `cards` VALUES ('294', '12', '麦茶でイッキ！　双海真美', '02', '03', '2018-06-12', '1', '0', '2020-01-20 20:37:19', '2020-01-20 20:37:19', '0');
INSERT INTO `cards` VALUES ('295', '31', 'スイートシャワー　天空橋朋花', '03', '02', '2018-06-13', '0', '0', '2020-01-20 20:37:19', '2020-01-20 20:37:19', '0');
INSERT INTO `cards` VALUES ('296', '23', 'うざカワクィーン　野々原茜', '03', '03', '2018-06-13', '0', '0', '2020-01-20 20:37:19', '2020-01-20 20:37:19', '0');
INSERT INTO `cards` VALUES ('297', '33', 'フューチャーライブ360　北沢志保', '02', '02', '2018-06-13', '1', '0', '2020-01-20 20:37:19', '2020-01-20 20:37:19', '0');
INSERT INTO `cards` VALUES ('298', '37', 'ワクワクを履いていこ♪　横山奈緒', '04', '01', '2018-06-18', '1', '0', '2020-01-20 20:37:19', '2020-01-20 20:37:19', '0');
INSERT INTO `cards` VALUES ('299', '8', '麗しきエルディスト　四条貴音', '03', '02', '2018-06-18', '1', '0', '2020-01-20 20:37:19', '2020-01-20 20:37:19', '0');
INSERT INTO `cards` VALUES ('300', '19', '爽やかレモンチーズケーキ　佐竹美奈子', '02', '01', '2018-06-18', '1', '0', '2020-01-20 20:37:19', '2020-01-20 20:37:19', '0');
INSERT INTO `cards` VALUES ('301', '27', '閃光☆HANABI団　高山紗代子', '03', '01', '2018-06-20', '0', '0', '2020-01-20 20:37:19', '2020-01-20 20:37:19', '0');
INSERT INTO `cards` VALUES ('302', '29', '閃光☆HANABI団　高坂海美', '03', '01', '2018-06-20', '0', '0', '2020-01-20 20:37:19', '2020-01-20 20:37:19', '0');
INSERT INTO `cards` VALUES ('303', '1', 'BRAND NEW PERFORMANCE　天海春香', '03', '01', '2018-06-29', '0', '0', '2020-01-20 20:37:19', '2020-01-20 20:37:19', '0');
INSERT INTO `cards` VALUES ('304', '2', 'BRAND NEW PERFORMANCE　如月千早', '03', '02', '2018-06-29', '0', '0', '2020-01-20 20:37:19', '2020-01-20 20:37:19', '0');
INSERT INTO `cards` VALUES ('305', '3', 'BRAND NEW PERFORMANCE　星井美希', '03', '03', '2018-06-29', '0', '0', '2020-01-20 20:37:19', '2020-01-20 20:37:19', '0');
INSERT INTO `cards` VALUES ('306', '4', 'BRAND NEW PERFORMANCE　萩原雪歩', '03', '01', '2018-06-29', '0', '0', '2020-01-20 20:37:19', '2020-01-20 20:37:19', '0');
INSERT INTO `cards` VALUES ('307', '5', 'BRAND NEW PERFORMANCE　高槻やよい', '03', '03', '2018-06-29', '0', '0', '2020-01-20 20:37:19', '2020-01-20 20:37:19', '0');
INSERT INTO `cards` VALUES ('308', '6', 'BRAND NEW PERFORMANCE　菊地真', '03', '01', '2018-06-29', '0', '0', '2020-01-20 20:37:19', '2020-01-20 20:37:19', '0');
INSERT INTO `cards` VALUES ('309', '7', 'BRAND NEW PERFORMANCE　水瀬伊織', '03', '02', '2018-06-29', '0', '0', '2020-01-20 20:37:19', '2020-01-20 20:37:19', '0');
INSERT INTO `cards` VALUES ('310', '8', 'BRAND NEW PERFORMANCE　四条貴音', '03', '02', '2018-06-29', '0', '0', '2020-01-20 20:37:19', '2020-01-20 20:37:19', '0');
INSERT INTO `cards` VALUES ('311', '9', 'BRAND NEW PERFORMANCE　秋月律子', '03', '02', '2018-06-29', '0', '0', '2020-01-20 20:37:19', '2020-01-20 20:37:19', '0');
INSERT INTO `cards` VALUES ('312', '10', 'BRAND NEW PERFORMANCE　三浦あずさ', '03', '03', '2018-06-29', '0', '0', '2020-01-20 20:37:19', '2020-01-20 20:37:19', '0');
INSERT INTO `cards` VALUES ('313', '11', 'BRAND NEW PERFORMANCE　双海亜美', '03', '03', '2018-06-29', '0', '0', '2020-01-20 20:37:19', '2020-01-20 20:37:19', '0');
INSERT INTO `cards` VALUES ('314', '12', 'BRAND NEW PERFORMANCE　双海真美', '03', '03', '2018-06-29', '0', '0', '2020-01-20 20:37:19', '2020-01-20 20:37:19', '0');
INSERT INTO `cards` VALUES ('315', '13', 'BRAND NEW PERFORMANCE　我那覇響', '03', '01', '2018-06-29', '0', '0', '2020-01-20 20:37:19', '2020-01-20 20:37:19', '0');
INSERT INTO `cards` VALUES ('316', '14', 'BRAND NEW PERFORMANCE　春日未来', '03', '01', '2018-06-29', '0', '0', '2020-01-20 20:37:19', '2020-01-20 20:37:19', '0');
INSERT INTO `cards` VALUES ('317', '15', 'BRAND NEW PERFORMANCE　最上静香', '03', '02', '2018-06-29', '0', '0', '2020-01-20 20:37:19', '2020-01-20 20:37:19', '0');
INSERT INTO `cards` VALUES ('318', '16', 'BRAND NEW PERFORMANCE　伊吹翼', '03', '03', '2018-06-29', '0', '0', '2020-01-20 20:37:19', '2020-01-20 20:37:19', '0');
INSERT INTO `cards` VALUES ('319', '17', 'BRAND NEW PERFORMANCE　田中琴葉', '03', '01', '2018-06-29', '0', '0', '2020-01-20 20:37:19', '2020-01-20 20:37:19', '0');
INSERT INTO `cards` VALUES ('320', '18', 'BRAND NEW PERFORMANCE　島原エレナ', '03', '03', '2018-06-29', '0', '0', '2020-01-20 20:37:19', '2020-01-20 20:37:19', '0');
INSERT INTO `cards` VALUES ('321', '19', 'BRAND NEW PERFORMANCE　佐竹美奈子', '03', '01', '2018-06-29', '0', '0', '2020-01-20 20:37:19', '2020-01-20 20:37:19', '0');
INSERT INTO `cards` VALUES ('322', '20', 'BRAND NEW PERFORMANCE　所恵美', '03', '02', '2018-06-29', '0', '0', '2020-01-20 20:37:19', '2020-01-20 20:37:19', '0');
INSERT INTO `cards` VALUES ('323', '21', 'BRAND NEW PERFORMANCE　徳川まつり', '03', '01', '2018-06-29', '0', '0', '2020-01-20 20:37:19', '2020-01-20 20:37:19', '0');
INSERT INTO `cards` VALUES ('324', '22', 'BRAND NEW PERFORMANCE　箱崎星梨花', '03', '03', '2018-06-29', '0', '0', '2020-01-20 20:37:19', '2020-01-20 20:37:19', '0');
INSERT INTO `cards` VALUES ('325', '23', 'BRAND NEW PERFORMANCE　野々原茜', '03', '03', '2018-06-29', '0', '0', '2020-01-20 20:37:19', '2020-01-20 20:37:19', '0');
INSERT INTO `cards` VALUES ('326', '24', 'BRAND NEW PERFORMANCE　望月杏奈', '03', '03', '2018-06-29', '0', '0', '2020-01-20 20:37:19', '2020-01-20 20:37:19', '0');
INSERT INTO `cards` VALUES ('327', '25', 'BRAND NEW PERFORMANCE　ロコ', '03', '02', '2018-06-29', '0', '0', '2020-01-20 20:37:19', '2020-01-20 20:37:19', '0');
INSERT INTO `cards` VALUES ('328', '26', 'BRAND NEW PERFORMANCE　七尾百合子', '03', '01', '2018-06-29', '0', '0', '2020-01-20 20:37:19', '2020-01-20 20:37:19', '0');
INSERT INTO `cards` VALUES ('329', '27', 'BRAND NEW PERFORMANCE　高山紗代子', '03', '01', '2018-06-29', '0', '0', '2020-01-20 20:37:19', '2020-01-20 20:37:19', '0');
INSERT INTO `cards` VALUES ('330', '28', 'BRAND NEW PERFORMANCE　松田亜利沙', '03', '01', '2018-06-29', '0', '0', '2020-01-20 20:37:19', '2020-01-20 20:37:19', '0');
INSERT INTO `cards` VALUES ('331', '29', 'BRAND NEW PERFORMANCE　高坂海美', '03', '01', '2018-06-29', '0', '0', '2020-01-20 20:37:19', '2020-01-20 20:37:19', '0');
INSERT INTO `cards` VALUES ('332', '30', 'BRAND NEW PERFORMANCE　中谷育', '03', '01', '2018-06-29', '0', '0', '2020-01-20 20:37:19', '2020-01-20 20:37:19', '0');
INSERT INTO `cards` VALUES ('333', '31', 'BRAND NEW PERFORMANCE　天空橋朋花', '03', '02', '2018-06-29', '0', '0', '2020-01-20 20:37:19', '2020-01-20 20:37:19', '0');
INSERT INTO `cards` VALUES ('334', '32', 'BRAND NEW PERFORMANCE　エミリー', '03', '01', '2018-06-29', '0', '0', '2020-01-20 20:37:19', '2020-01-20 20:37:19', '0');
INSERT INTO `cards` VALUES ('335', '33', 'BRAND NEW PERFORMANCE　北沢志保', '03', '02', '2018-06-29', '0', '0', '2020-01-20 20:37:19', '2020-01-20 20:37:19', '0');
INSERT INTO `cards` VALUES ('336', '34', 'BRAND NEW PERFORMANCE　舞浜歩', '03', '02', '2018-06-29', '0', '0', '2020-01-20 20:37:19', '2020-01-20 20:37:19', '0');
INSERT INTO `cards` VALUES ('337', '35', 'BRAND NEW PERFORMANCE　木下ひなた', '03', '03', '2018-06-29', '0', '0', '2020-01-20 20:37:19', '2020-01-20 20:37:19', '0');
INSERT INTO `cards` VALUES ('338', '36', 'BRAND NEW PERFORMANCE　矢吹可奈', '03', '01', '2018-06-29', '0', '0', '2020-01-20 20:37:19', '2020-01-20 20:37:19', '0');
INSERT INTO `cards` VALUES ('339', '37', 'BRAND NEW PERFORMANCE　横山奈緒', '03', '01', '2018-06-29', '0', '0', '2020-01-20 20:37:19', '2020-01-20 20:37:19', '0');
INSERT INTO `cards` VALUES ('340', '38', 'BRAND NEW PERFORMANCE　二階堂千鶴', '03', '02', '2018-06-29', '0', '0', '2020-01-20 20:37:19', '2020-01-20 20:37:19', '0');
INSERT INTO `cards` VALUES ('341', '39', 'BRAND NEW PERFORMANCE　馬場このみ', '03', '03', '2018-06-29', '0', '0', '2020-01-20 20:37:19', '2020-01-20 20:37:19', '0');
INSERT INTO `cards` VALUES ('342', '40', 'BRAND NEW PERFORMANCE　大神環', '03', '03', '2018-06-29', '0', '0', '2020-01-20 20:37:19', '2020-01-20 20:37:19', '0');
INSERT INTO `cards` VALUES ('343', '41', 'BRAND NEW PERFORMANCE　豊川風花', '03', '03', '2018-06-29', '0', '0', '2020-01-20 20:37:19', '2020-01-20 20:37:19', '0');
INSERT INTO `cards` VALUES ('344', '42', 'BRAND NEW PERFORMANCE　宮尾美也', '03', '03', '2018-06-29', '0', '0', '2020-01-20 20:37:19', '2020-01-20 20:37:19', '0');
INSERT INTO `cards` VALUES ('345', '43', 'BRAND NEW PERFORMANCE　福田のり子', '03', '01', '2018-06-29', '0', '0', '2020-01-20 20:37:19', '2020-01-20 20:37:19', '0');
INSERT INTO `cards` VALUES ('346', '44', 'BRAND NEW PERFORMANCE　真壁瑞希', '03', '02', '2018-06-29', '0', '0', '2020-01-20 20:37:19', '2020-01-20 20:37:19', '0');
INSERT INTO `cards` VALUES ('347', '45', 'BRAND NEW PERFORMANCE　篠宮可憐', '03', '03', '2018-06-29', '0', '0', '2020-01-20 20:37:19', '2020-01-20 20:37:19', '0');
INSERT INTO `cards` VALUES ('348', '46', 'BRAND NEW PERFORMANCE　百瀬莉緒', '03', '02', '2018-06-29', '0', '0', '2020-01-20 20:37:19', '2020-01-20 20:37:19', '0');
INSERT INTO `cards` VALUES ('349', '47', 'BRAND NEW PERFORMANCE　永吉昴', '03', '02', '2018-06-29', '0', '0', '2020-01-20 20:37:19', '2020-01-20 20:37:19', '0');
INSERT INTO `cards` VALUES ('350', '48', 'BRAND NEW PERFORMANCE　北上麗花', '03', '03', '2018-06-29', '0', '0', '2020-01-20 20:37:19', '2020-01-20 20:37:19', '0');
INSERT INTO `cards` VALUES ('351', '49', 'BRAND NEW PERFORMANCE　周防桃子', '03', '02', '2018-06-29', '0', '0', '2020-01-20 20:37:19', '2020-01-20 20:37:19', '0');
INSERT INTO `cards` VALUES ('352', '50', 'BRAND NEW PERFORMANCE　ジュリア', '03', '02', '2018-06-29', '0', '0', '2020-01-20 20:37:19', '2020-01-20 20:37:19', '0');
INSERT INTO `cards` VALUES ('353', '51', 'BRAND NEW PERFORMANCE　白石紬', '03', '02', '2018-06-29', '0', '0', '2020-01-20 20:37:19', '2020-01-20 20:37:19', '0');
INSERT INTO `cards` VALUES ('354', '52', 'BRAND NEW PERFORMANCE　桜守歌織', '03', '03', '2018-06-29', '0', '0', '2020-01-20 20:37:19', '2020-01-20 20:37:19', '0');
INSERT INTO `cards` VALUES ('355', '14', '無邪気なレイニーデイズ　春日未来', '04', '01', '2018-06-29', '1', '2', '2020-01-20 20:37:19', '2020-01-20 20:37:19', '0');
INSERT INTO `cards` VALUES ('356', '15', '水滴のプリズム　最上静香', '04', '02', '2018-06-29', '1', '2', '2020-01-20 20:37:19', '2020-01-20 20:37:19', '0');
INSERT INTO `cards` VALUES ('357', '16', '雨上がりの約束　伊吹翼', '04', '03', '2018-06-29', '1', '2', '2020-01-20 20:37:19', '2020-01-20 20:37:19', '0');
INSERT INTO `cards` VALUES ('358', '38', '太陽のスポットライト　二階堂千鶴', '04', '02', '2018-07-03', '1', '1', '2020-01-20 20:37:19', '2020-01-20 20:37:19', '0');
INSERT INTO `cards` VALUES ('359', '39', 'レディーオンザビーチ　馬場このみ', '04', '03', '2018-07-03', '1', '0', '2020-01-20 20:37:19', '2020-01-20 20:37:19', '0');
INSERT INTO `cards` VALUES ('360', '25', '波間の瞳　ロコ', '03', '02', '2018-07-03', '1', '1', '2020-01-20 20:37:19', '2020-01-20 20:37:19', '0');
INSERT INTO `cards` VALUES ('361', '4', '闇を支配する者　萩原雪歩', '04', '01', '2018-07-12', '1', '1', '2020-01-20 20:37:19', '2020-01-20 20:37:19', '0');
INSERT INTO `cards` VALUES ('362', '24', '使命を果たす者　望月杏奈', '04', '03', '2018-07-12', '1', '0', '2020-01-20 20:37:19', '2020-01-20 20:37:19', '0');
INSERT INTO `cards` VALUES ('363', '1', '伝説を継ぐ者へ　天海春香', '03', '01', '2018-07-12', '1', '0', '2020-01-20 20:37:19', '2020-01-20 20:37:19', '0');
INSERT INTO `cards` VALUES ('364', '23', '街を駆ける盗賊　野々原茜', '02', '03', '2018-07-12', '1', '0', '2020-01-20 20:37:19', '2020-01-20 20:37:19', '0');
INSERT INTO `cards` VALUES ('365', '51', '勇気を示す者　白石紬', '03', '02', '2018-07-13', '0', '0', '2020-01-20 20:37:19', '2020-01-20 20:37:19', '0');
INSERT INTO `cards` VALUES ('366', '14', '伝説の勇者　春日未来', '03', '01', '2018-07-13', '0', '0', '2020-01-20 20:37:19', '2020-01-20 20:37:19', '0');
INSERT INTO `cards` VALUES ('367', '2', '凛然たる騎士　如月千早', '02', '02', '2018-07-13', '1', '0', '2020-01-20 20:37:19', '2020-01-20 20:37:19', '0');
INSERT INTO `cards` VALUES ('368', '20', 'トレンドを先取り♪　所恵美', '04', '02', '2018-07-21', '1', '0', '2020-01-20 20:37:19', '2020-01-20 20:37:19', '0');
INSERT INTO `cards` VALUES ('369', '26', 'お気に入りの物語　七尾百合子', '04', '01', '2018-07-21', '1', '0', '2020-01-20 20:37:19', '2020-01-20 20:37:19', '0');
INSERT INTO `cards` VALUES ('370', '35', '夏のおすそわけ　木下ひなた', '03', '03', '2018-07-21', '1', '0', '2020-01-20 20:37:19', '2020-01-20 20:37:19', '0');
INSERT INTO `cards` VALUES ('371', '47', 'サマーフェスティバル　永吉昴', '03', '02', '2018-07-21', '0', '0', '2020-01-20 20:37:19', '2020-01-20 20:37:19', '0');
INSERT INTO `cards` VALUES ('372', '45', 'サマーフェスティバル　篠宮可憐', '03', '03', '2018-07-21', '0', '0', '2020-01-20 20:37:19', '2020-01-20 20:37:19', '0');
INSERT INTO `cards` VALUES ('373', '53', '世界を愛する聖少女　詩花', '03', '04', '2018-07-22', '0', '0', '2020-01-20 20:37:19', '2020-01-20 20:37:19', '0');
INSERT INTO `cards` VALUES ('374', '18', '地球規模の大冒険！　島原エレナ', '04', '03', '2018-07-31', '1', '1', '2020-01-20 20:37:19', '2020-01-20 20:37:19', '0');
INSERT INTO `cards` VALUES ('375', '33', '船上のセラピスト　北沢志保', '04', '02', '2018-07-31', '1', '0', '2020-01-20 20:37:19', '2020-01-20 20:37:19', '0');
INSERT INTO `cards` VALUES ('376', '6', '大航海の、その先へ！　菊地真', '03', '01', '2018-07-31', '1', '1', '2020-01-20 20:37:19', '2020-01-20 20:37:19', '0');
INSERT INTO `cards` VALUES ('377', '36', 'Sunshine Rhythm！　矢吹可奈', '03', '01', '2018-08-03', '0', '0', '2020-01-20 20:37:19', '2020-01-20 20:37:19', '0');
INSERT INTO `cards` VALUES ('378', '16', 'Sunshine Rhythm！　伊吹翼', '03', '03', '2018-08-03', '0', '0', '2020-01-20 20:37:19', '2020-01-20 20:37:19', '0');
INSERT INTO `cards` VALUES ('379', '10', '眩惑の水面　三浦あずさ', '03', '03', '2018-08-13', '0', '0', '2020-01-20 20:37:19', '2020-01-20 20:37:19', '0');
INSERT INTO `cards` VALUES ('380', '50', 'はにかみパレオ　ジュリア', '03', '02', '2018-08-13', '0', '0', '2020-01-20 20:37:19', '2020-01-20 20:37:19', '0');
INSERT INTO `cards` VALUES ('381', '30', '楽しい夏合宿！　中谷育', '02', '01', '2018-08-13', '1', '0', '2020-01-20 20:37:19', '2020-01-20 20:37:19', '0');
INSERT INTO `cards` VALUES ('382', '2', '夏旅へのお誘い　如月千早', '04', '02', '2018-08-14', '1', '1', '2020-01-20 20:37:19', '2020-01-20 20:37:19', '0');
INSERT INTO `cards` VALUES ('383', '19', 'はじける夏の味♪　佐竹美奈子', '04', '01', '2018-08-14', '1', '0', '2020-01-20 20:37:19', '2020-01-20 20:37:19', '0');
INSERT INTO `cards` VALUES ('384', '5', 'キラキラステップ　高槻やよい', '03', '03', '2018-08-14', '1', '0', '2020-01-20 20:37:19', '2020-01-20 20:37:19', '0');
INSERT INTO `cards` VALUES ('385', '44', 'プリンセスターン　真壁瑞希', '02', '02', '2018-08-14', '1', '0', '2020-01-20 20:37:19', '2020-01-20 20:37:19', '0');
INSERT INTO `cards` VALUES ('386', '41', '超ビーチバレー［キング］　豊川風花', '04', '03', '2018-08-20', '1', '0', '2020-01-20 20:37:19', '2020-01-20 20:37:19', '0');
INSERT INTO `cards` VALUES ('387', '27', '超ビーチバレー［先輩］　高山紗代子', '04', '01', '2018-08-20', '1', '0', '2020-01-20 20:37:19', '2020-01-20 20:37:19', '0');
INSERT INTO `cards` VALUES ('388', '37', '超ビーチバレー［右腕クイーン］　横山奈緒', '03', '01', '2018-08-20', '1', '0', '2020-01-20 20:37:19', '2020-01-20 20:37:19', '0');
INSERT INTO `cards` VALUES ('389', '29', '超ビーチバレー［新入生］　高坂海美', '03', '01', '2018-08-21', '0', '0', '2020-01-20 20:37:19', '2020-01-20 20:37:19', '0');
INSERT INTO `cards` VALUES ('390', '20', '超ビーチバレー［同級生］　所恵美', '03', '02', '2018-08-21', '0', '0', '2020-01-20 20:37:19', '2020-01-20 20:37:19', '0');
INSERT INTO `cards` VALUES ('391', '21', 'きのこの国のお姫様♪　徳川まつり', '04', '01', '2018-08-31', '1', '1', '2020-01-20 20:37:19', '2020-01-20 20:37:19', '0');
INSERT INTO `cards` VALUES ('392', '40', '本の世界で大冒険！　大神環', '04', '03', '2018-08-31', '1', '0', '2020-01-20 20:37:19', '2020-01-20 20:37:19', '0');
INSERT INTO `cards` VALUES ('393', '38', '舞踏会の主賓　二階堂千鶴', '03', '02', '2018-08-31', '1', '1', '2020-01-20 20:37:19', '2020-01-20 20:37:19', '0');
INSERT INTO `cards` VALUES ('394', '31', 'Blue Moon Harmony！　天空橋朋花', '03', '02', '2018-09-03', '0', '0', '2020-01-20 20:37:19', '2020-01-20 20:37:19', '0');
INSERT INTO `cards` VALUES ('395', '48', 'Blue Moon Harmony！　北上麗花', '03', '03', '2018-09-03', '0', '0', '2020-01-20 20:37:19', '2020-01-20 20:37:19', '0');
INSERT INTO `cards` VALUES ('396', '12', 'はりきり牛若丸　双海真美', '04', '03', '2018-09-12', '1', '1', '2020-01-20 20:37:19', '2020-01-20 20:37:19', '0');
INSERT INTO `cards` VALUES ('397', '49', '夢色式部　周防桃子', '04', '02', '2018-09-12', '1', '0', '2020-01-20 20:37:19', '2020-01-20 20:37:19', '0');
INSERT INTO `cards` VALUES ('398', '29', '夭折の天才剣士　高坂海美', '03', '01', '2018-09-12', '1', '0', '2020-01-20 20:37:19', '2020-01-20 20:37:19', '0');
INSERT INTO `cards` VALUES ('399', '32', '隻眼の侍　エミリー', '02', '01', '2018-09-12', '1', '0', '2020-01-20 20:37:19', '2020-01-20 20:37:19', '0');
INSERT INTO `cards` VALUES ('400', '26', '爽快スウィングライド　七尾百合子', '03', '01', '2018-09-12', '0', '0', '2020-01-20 20:37:19', '2020-01-20 20:37:19', '0');
INSERT INTO `cards` VALUES ('401', '34', 'ほたるの海　舞浜歩', '03', '02', '2018-09-12', '0', '0', '2020-01-20 20:37:19', '2020-01-20 20:37:19', '0');
INSERT INTO `cards` VALUES ('402', '16', '絶叫シネマ　伊吹翼', '02', '03', '2018-09-12', '1', '0', '2020-01-20 20:37:19', '2020-01-20 20:37:19', '0');
INSERT INTO `cards` VALUES ('403', '42', '三姉妹カフェ［ネコ］　宮尾美也', '04', '03', '2018-09-21', '1', '0', '2020-01-20 20:37:19', '2020-01-20 20:37:19', '0');
INSERT INTO `cards` VALUES ('404', '46', '三姉妹カフェ［お客さん］　百瀬莉緒', '04', '02', '2018-09-21', '1', '0', '2020-01-20 20:37:19', '2020-01-20 20:37:19', '0');
INSERT INTO `cards` VALUES ('405', '15', '三姉妹カフェ［次女］　最上静香', '03', '02', '2018-09-21', '1', '0', '2020-01-20 20:37:19', '2020-01-20 20:37:19', '0');
INSERT INTO `cards` VALUES ('406', '52', '三姉妹カフェ［長女］　桜守歌織', '03', '03', '2018-09-21', '0', '0', '2020-01-20 20:37:19', '2020-01-20 20:37:19', '0');
INSERT INTO `cards` VALUES ('407', '24', '三姉妹カフェ［三女］　望月杏奈', '03', '03', '2018-09-21', '0', '0', '2020-01-20 20:37:19', '2020-01-20 20:37:19', '0');
INSERT INTO `cards` VALUES ('408', '5', '秋色ハイ、ターッチ♪　高槻やよい', '04', '03', '2018-09-28', '1', '2', '2020-01-20 20:37:19', '2020-01-20 20:37:19', '0');
INSERT INTO `cards` VALUES ('409', '7', '月光ファンタジア　水瀬伊織', '04', '02', '2018-09-28', '1', '2', '2020-01-20 20:37:19', '2020-01-20 20:37:19', '0');
INSERT INTO `cards` VALUES ('410', '34', 'ハロウィン・ウィッチ　舞浜歩', '04', '02', '2018-10-02', '1', '1', '2020-01-20 20:37:19', '2020-01-20 20:37:19', '0');
INSERT INTO `cards` VALUES ('411', '28', '小悪魔リビングデッド　松田亜利沙', '04', '01', '2018-10-02', '1', '0', '2020-01-20 20:37:19', '2020-01-20 20:37:19', '0');
INSERT INTO `cards` VALUES ('412', '45', 'ゴースト・バラード　篠宮可憐', '03', '03', '2018-10-02', '1', '1', '2020-01-20 20:37:19', '2020-01-20 20:37:19', '0');
INSERT INTO `cards` VALUES ('413', '22', 'Starry Melody！　箱崎星梨花', '03', '03', '2018-10-03', '0', '0', '2020-01-20 20:37:19', '2020-01-20 20:37:19', '0');
INSERT INTO `cards` VALUES ('414', '14', 'Starry Melody！　春日未来', '03', '01', '2018-10-03', '0', '0', '2020-01-20 20:37:19', '2020-01-20 20:37:19', '0');
INSERT INTO `cards` VALUES ('415', '6', 'ハンサム・ビースト　菊地真', '04', '01', '2018-10-12', '1', '1', '2020-01-20 20:37:19', '2020-01-20 20:37:19', '0');
INSERT INTO `cards` VALUES ('416', '35', 'アニマル・パレード♪　木下ひなた', '04', '03', '2018-10-12', '1', '0', '2020-01-20 20:37:19', '2020-01-20 20:37:19', '0');
INSERT INTO `cards` VALUES ('417', '15', 'ファンシーパンダステージ　最上静香', '03', '02', '2018-10-12', '1', '0', '2020-01-20 20:37:19', '2020-01-20 20:37:19', '0');
INSERT INTO `cards` VALUES ('418', '18', '獲物発見！　島原エレナ', '02', '03', '2018-10-12', '1', '0', '2020-01-20 20:37:19', '2020-01-20 20:37:19', '0');
INSERT INTO `cards` VALUES ('419', '33', '崇高なる光芒　北沢志保', '03', '02', '2018-10-13', '0', '0', '2020-01-20 20:37:19', '2020-01-20 20:37:19', '0');
INSERT INTO `cards` VALUES ('420', '11', 'ときめきハプニング　双海亜美', '03', '03', '2018-10-13', '0', '0', '2020-01-20 20:37:19', '2020-01-20 20:37:19', '0');
INSERT INTO `cards` VALUES ('421', '36', '出発進行！　矢吹可奈', '02', '01', '2018-10-13', '1', '0', '2020-01-20 20:37:19', '2020-01-20 20:37:19', '0');
INSERT INTO `cards` VALUES ('422', '51', '劇場サスペンス［探偵］　白石紬', '04', '02', '2018-10-22', '1', '0', '2020-01-20 20:37:19', '2020-01-20 20:37:19', '0');
INSERT INTO `cards` VALUES ('423', '44', '劇場サスペンス［支配人］　真壁瑞希', '04', '02', '2018-10-22', '1', '0', '2020-01-20 20:37:19', '2020-01-20 20:37:19', '0');
INSERT INTO `cards` VALUES ('424', '39', '劇場サスペンス［元大女優］　馬場このみ', '03', '03', '2018-10-22', '1', '0', '2020-01-20 20:37:19', '2020-01-20 20:37:19', '0');
INSERT INTO `cards` VALUES ('425', '17', '劇場サスペンス［新ヒロイン］　田中琴葉', '03', '01', '2018-10-22', '0', '0', '2020-01-20 20:37:19', '2020-01-20 20:37:19', '0');
INSERT INTO `cards` VALUES ('426', '49', '劇場サスペンス［スタア］　周防桃子', '03', '02', '2018-10-22', '0', '0', '2020-01-20 20:37:19', '2020-01-20 20:37:19', '0');
INSERT INTO `cards` VALUES ('427', '45', 'フォーチュンガール　篠宮可憐', '04', '03', '2018-10-31', '1', '1', '2020-01-20 20:37:19', '2020-01-20 20:37:19', '0');
INSERT INTO `cards` VALUES ('428', '31', 'フォーチュンガール　天空橋朋花', '04', '02', '2018-10-31', '1', '0', '2020-01-20 20:37:19', '2020-01-20 20:37:19', '0');
INSERT INTO `cards` VALUES ('429', '14', 'フォーチュンガール　春日未来', '03', '01', '2018-10-31', '1', '1', '2020-01-20 20:37:19', '2020-01-20 20:37:19', '0');
INSERT INTO `cards` VALUES ('430', '40', 'ウンババウッホッホ！　大神環', '03', '03', '2018-11-05', '0', '0', '2020-01-20 20:37:19', '2020-01-20 20:37:19', '0');
INSERT INTO `cards` VALUES ('431', '12', 'ウンババウッホッホ！　双海真美', '03', '03', '2018-11-05', '0', '0', '2020-01-20 20:37:19', '2020-01-20 20:37:19', '0');
INSERT INTO `cards` VALUES ('432', '9', '知性派ハイカラ娘　秋月律子', '04', '02', '2018-11-13', '1', '1', '2020-01-20 20:37:19', '2020-01-20 20:37:19', '0');
INSERT INTO `cards` VALUES ('433', '29', '憧れの大変身　高坂海美', '04', '01', '2018-11-13', '1', '0', '2020-01-20 20:37:19', '2020-01-20 20:37:19', '0');
INSERT INTO `cards` VALUES ('434', '3', 'スターライトプリンセス　星井美希', '03', '03', '2018-11-13', '1', '0', '2020-01-20 20:37:19', '2020-01-20 20:37:19', '0');
INSERT INTO `cards` VALUES ('435', '43', '偶然の出会い　福田のり子', '02', '01', '2018-11-13', '1', '0', '2020-01-20 20:37:19', '2020-01-20 20:37:19', '0');
INSERT INTO `cards` VALUES ('436', '52', '憧れの先生　桜守歌織', '03', '03', '2018-11-14', '0', '0', '2020-01-20 20:37:19', '2020-01-20 20:37:19', '0');
INSERT INTO `cards` VALUES ('437', '13', '和やかランチタイム　我那覇響', '03', '01', '2018-11-14', '0', '0', '2020-01-20 20:37:19', '2020-01-20 20:37:19', '0');
INSERT INTO `cards` VALUES ('438', '7', 'ちいさなお目付け役　水瀬伊織', '02', '02', '2018-11-14', '1', '0', '2020-01-20 20:37:19', '2020-01-20 20:37:19', '0');
INSERT INTO `cards` VALUES ('439', '25', '特別な日のために　ロコ', '04', '02', '2018-11-21', '1', '0', '2020-01-20 20:37:19', '2020-01-20 20:37:19', '0');
INSERT INTO `cards` VALUES ('440', '21', 'プリンセスロード　徳川まつり', '03', '01', '2018-11-21', '1', '0', '2020-01-20 20:37:19', '2020-01-20 20:37:19', '0');
INSERT INTO `cards` VALUES ('441', '16', 'いつかのために　伊吹翼', '02', '03', '2018-11-21', '1', '0', '2020-01-20 20:37:19', '2020-01-20 20:37:19', '0');
INSERT INTO `cards` VALUES ('442', '50', 'D／Zeal　ジュリア', '03', '02', '2018-11-21', '0', '0', '2020-01-20 20:37:19', '2020-01-20 20:37:19', '0');
INSERT INTO `cards` VALUES ('443', '15', 'D／Zeal　最上静香', '03', '02', '2018-11-21', '0', '0', '2020-01-20 20:37:19', '2020-01-20 20:37:19', '0');
INSERT INTO `cards` VALUES ('444', '27', 'チアフル・クリスマス！　高山紗代子', '04', '01', '2018-11-30', '1', '1', '2020-01-20 20:37:19', '2020-01-20 20:37:19', '0');
INSERT INTO `cards` VALUES ('445', '48', 'ハッピー・ホーリーナイト　北上麗花', '04', '03', '2018-11-30', '1', '0', '2020-01-20 20:37:19', '2020-01-20 20:37:19', '0');
INSERT INTO `cards` VALUES ('446', '18', '君にもメリークリスマス　島原エレナ', '03', '03', '2018-11-30', '1', '1', '2020-01-20 20:37:19', '2020-01-20 20:37:19', '0');
INSERT INTO `cards` VALUES ('447', '13', 'HAPPY DREAMER　我那覇響', '03', '01', '2018-12-04', '0', '0', '2020-01-20 20:37:19', '2020-01-20 20:37:19', '0');
INSERT INTO `cards` VALUES ('448', '37', 'HAPPY DREAMER　横山奈緒', '03', '01', '2018-12-04', '0', '0', '2020-01-20 20:37:19', '2020-01-20 20:37:19', '0');
INSERT INTO `cards` VALUES ('449', '5', 'ほわほわステップ　高槻やよい', '04', '03', '2018-12-12', '1', '1', '2020-01-20 20:37:19', '2020-01-20 20:37:19', '0');
INSERT INTO `cards` VALUES ('450', '38', '幻想の光の中で　二階堂千鶴', '04', '02', '2018-12-12', '1', '0', '2020-01-20 20:37:19', '2020-01-20 20:37:19', '0');
INSERT INTO `cards` VALUES ('451', '17', '雪景色のお茶会　田中琴葉', '03', '01', '2018-12-12', '1', '0', '2020-01-20 20:37:19', '2020-01-20 20:37:19', '0');
INSERT INTO `cards` VALUES ('452', '31', '絢爛毒舌　天空橋朋花', '02', '02', '2018-12-12', '1', '0', '2020-01-20 20:37:19', '2020-01-20 20:37:19', '0');
INSERT INTO `cards` VALUES ('453', '44', '早朝お寝惚け温泉　真壁瑞希', '03', '02', '2018-12-14', '0', '0', '2020-01-20 20:37:19', '2020-01-20 20:37:19', '0');
INSERT INTO `cards` VALUES ('454', '41', 'ステージ後のひととき　豊川風花', '03', '03', '2018-12-14', '0', '0', '2020-01-20 20:37:19', '2020-01-20 20:37:19', '0');
INSERT INTO `cards` VALUES ('455', '26', 'ゴシックホワイトドール　七尾百合子', '02', '01', '2018-12-14', '1', '0', '2020-01-20 20:37:19', '2020-01-20 20:37:19', '0');
INSERT INTO `cards` VALUES ('456', '10', 'フローズン・クリスタル　三浦あずさ', '04', '03', '2018-12-19', '1', '0', '2020-01-20 20:37:19', '2020-01-20 20:37:19', '0');
INSERT INTO `cards` VALUES ('457', '34', '雪解けブレイクダンス！　舞浜歩', '03', '02', '2018-12-19', '1', '0', '2020-01-20 20:37:19', '2020-01-20 20:37:19', '0');
INSERT INTO `cards` VALUES ('458', '30', '一生懸命の音色　中谷育', '02', '01', '2018-12-19', '1', '0', '2020-01-20 20:37:19', '2020-01-20 20:37:19', '0');
INSERT INTO `cards` VALUES ('459', '45', 'りるきゃん　篠宮可憐', '03', '03', '2018-12-21', '0', '0', '2020-01-20 20:37:19', '2020-01-20 20:37:19', '0');
INSERT INTO `cards` VALUES ('460', '23', 'りるきゃん　野々原茜', '03', '03', '2018-12-21', '0', '0', '2020-01-20 20:37:19', '2020-01-20 20:37:19', '0');
INSERT INTO `cards` VALUES ('461', '33', 'リアル・インテンション　北沢志保', '04', '02', '2018-12-25', '1', '2', '2020-01-20 20:37:19', '2020-01-20 20:37:19', '0');
INSERT INTO `cards` VALUES ('462', '36', 'エンジョイ♡ウィンターデート　矢吹可奈', '04', '01', '2018-12-25', '1', '2', '2020-01-20 20:37:19', '2020-01-20 20:37:19', '0');
INSERT INTO `cards` VALUES ('463', '50', '迎春プレイヤー　ジュリア', '04', '02', '2018-12-31', '1', '1', '2020-01-20 20:37:19', '2020-01-20 20:37:19', '0');
INSERT INTO `cards` VALUES ('464', '43', 'ニューイヤー・ゴング　福田のり子', '04', '01', '2018-12-31', '1', '0', '2020-01-20 20:37:19', '2020-01-20 20:37:19', '0');
INSERT INTO `cards` VALUES ('465', '12', 'おねだりジャンケン　双海真美', '03', '03', '2018-12-31', '1', '1', '2020-01-20 20:37:19', '2020-01-20 20:37:19', '0');
INSERT INTO `cards` VALUES ('466', '20', 'サジタリアス　所恵美', '03', '02', '2019-01-04', '0', '0', '2020-01-20 20:37:19', '2020-01-20 20:37:19', '0');
INSERT INTO `cards` VALUES ('467', '44', 'サジタリアス　真壁瑞希', '03', '02', '2019-01-04', '0', '0', '2020-01-20 20:37:19', '2020-01-20 20:37:19', '0');
INSERT INTO `cards` VALUES ('468', '3', 'アトラクト・アテンション　星井美希', '04', '03', '2019-01-12', '1', '1', '2020-01-20 20:37:19', '2020-01-20 20:37:19', '0');
INSERT INTO `cards` VALUES ('469', '14', 'フルスロットル★ガール　春日未来', '04', '01', '2019-01-12', '1', '0', '2020-01-20 20:37:19', '2020-01-20 20:37:19', '0');
INSERT INTO `cards` VALUES ('470', '49', 'エンジェルキューティクル　周防桃子', '03', '02', '2019-01-12', '1', '0', '2020-01-20 20:37:19', '2020-01-20 20:37:19', '0');
INSERT INTO `cards` VALUES ('471', '35', 'アップルスウィート　木下ひなた', '02', '03', '2019-01-12', '1', '0', '2020-01-20 20:37:19', '2020-01-20 20:37:19', '0');
INSERT INTO `cards` VALUES ('472', '28', '新年初ショット♪　松田亜利沙', '03', '01', '2019-01-13', '0', '0', '2020-01-20 20:37:19', '2020-01-20 20:37:19', '0');
INSERT INTO `cards` VALUES ('473', '2', 'ゲレンデガール　如月千早', '03', '02', '2019-01-13', '0', '0', '2020-01-20 20:37:19', '2020-01-20 20:37:19', '0');
INSERT INTO `cards` VALUES ('474', '22', 'チャーミングシープ　箱崎星梨花', '02', '03', '2019-01-13', '1', '0', '2020-01-20 20:37:19', '2020-01-20 20:37:19', '0');
INSERT INTO `cards` VALUES ('475', '30', 'へっちゃらプライド　中谷育', '04', '01', '2019-01-20', '1', '1', '2020-01-20 20:37:19', '2020-01-20 20:37:19', '0');
INSERT INTO `cards` VALUES ('476', '42', '制服シリーズ　宮尾美也', '03', '03', '2019-01-20', '1', '0', '2020-01-20 20:37:19', '2020-01-20 20:37:19', '0');
INSERT INTO `cards` VALUES ('477', '51', '制服シリーズ　白石紬', '03', '02', '2019-01-20', '1', '0', '2020-01-20 20:37:19', '2020-01-20 20:37:19', '0');
INSERT INTO `cards` VALUES ('478', '21', 'Charlotte・Charlotte　徳川まつり', '03', '01', '2019-01-20', '0', '0', '2020-01-20 20:37:19', '2020-01-20 20:37:19', '0');
INSERT INTO `cards` VALUES ('479', '32', 'Charlotte・Charlotte　エミリー', '03', '01', '2019-01-20', '0', '0', '2020-01-20 20:37:19', '2020-01-20 20:37:19', '0');
INSERT INTO `cards` VALUES ('480', '23', 'ラブリー・バレンタイン　野々原茜', '04', '03', '2019-01-31', '1', '1', '2020-01-20 20:37:19', '2020-01-20 20:37:19', '0');
INSERT INTO `cards` VALUES ('481', '47', 'スウィート・パレットランド　永吉昴', '04', '02', '2019-01-31', '1', '0', '2020-01-20 20:37:19', '2020-01-20 20:37:19', '0');
INSERT INTO `cards` VALUES ('482', '36', 'コットンキャンディバス　矢吹可奈', '03', '01', '2019-01-31', '1', '1', '2020-01-20 20:37:19', '2020-01-20 20:37:19', '0');
INSERT INTO `cards` VALUES ('483', '24', 'Love it！　望月杏奈', '03', '03', '2019-02-02', '0', '0', '2020-01-20 20:37:19', '2020-01-20 20:37:19', '0');
INSERT INTO `cards` VALUES ('484', '26', 'Love it！　七尾百合子', '03', '01', '2019-02-02', '0', '0', '2020-01-20 20:37:19', '2020-01-20 20:37:19', '0');
INSERT INTO `cards` VALUES ('485', '37', 'ジョイフル・グレーテル　横山奈緒', '04', '01', '2019-02-11', '1', '1', '2020-01-20 20:37:19', '2020-01-20 20:37:19', '0');
INSERT INTO `cards` VALUES ('486', '39', '白き鶴の如く　馬場このみ', '04', '03', '2019-02-11', '1', '0', '2020-01-20 20:37:19', '2020-01-20 20:37:19', '0');
INSERT INTO `cards` VALUES ('487', '7', '一夜限りの魔法　水瀬伊織', '03', '02', '2019-02-11', '1', '0', '2020-01-20 20:37:19', '2020-01-20 20:37:19', '0');
INSERT INTO `cards` VALUES ('488', '40', '魅惑のフェアリーガール　大神環', '02', '03', '2019-02-11', '1', '0', '2020-01-20 20:37:19', '2020-01-20 20:37:19', '0');
INSERT INTO `cards` VALUES ('489', '46', '静寂なプール　百瀬莉緒', '03', '02', '2019-02-12', '0', '0', '2020-01-20 20:37:19', '2020-01-20 20:37:19', '0');
INSERT INTO `cards` VALUES ('490', '42', 'みやみやカフェ　宮尾美也', '03', '03', '2019-02-12', '0', '0', '2020-01-20 20:37:19', '2020-01-20 20:37:19', '0');
INSERT INTO `cards` VALUES ('491', '29', '美味しい休憩タイム　高坂海美', '02', '01', '2019-02-12', '1', '0', '2020-01-20 20:37:19', '2020-01-20 20:37:19', '0');
INSERT INTO `cards` VALUES ('492', '15', '届け、この声！　最上静香', '04', '02', '2019-02-19', '1', '1', '2020-01-20 20:37:19', '2020-01-20 20:37:19', '0');
INSERT INTO `cards` VALUES ('493', '2', '制服シリーズ　如月千早', '03', '02', '2019-02-19', '1', '0', '2020-01-20 20:37:19', '2020-01-20 20:37:19', '0');
INSERT INTO `cards` VALUES ('494', '17', '制服シリーズ　田中琴葉', '03', '01', '2019-02-19', '1', '0', '2020-01-20 20:37:19', '2020-01-20 20:37:19', '0');
INSERT INTO `cards` VALUES ('495', '25', 'Jelly PoP Beans　ロコ', '03', '02', '2019-02-19', '0', '0', '2020-01-20 20:37:19', '2020-01-20 20:37:19', '0');
INSERT INTO `cards` VALUES ('496', '34', 'Jelly PoP Beans　舞浜歩', '03', '02', '2019-02-19', '0', '0', '2020-01-20 20:37:19', '2020-01-20 20:37:19', '0');
INSERT INTO `cards` VALUES ('497', '29', 'ガールズ・フェスティバル　高坂海美', '04', '01', '2019-02-28', '1', '1', '2020-01-20 20:37:19', '2020-01-20 20:37:19', '0');
INSERT INTO `cards` VALUES ('498', '11', 'うっきうき♪ひな祭り　双海亜美', '04', '03', '2019-02-28', '1', '0', '2020-01-20 20:37:19', '2020-01-20 20:37:19', '0');
INSERT INTO `cards` VALUES ('499', '30', 'おしゃま雛　中谷育', '03', '01', '2019-02-28', '1', '1', '2020-01-20 20:37:19', '2020-01-20 20:37:19', '0');
INSERT INTO `cards` VALUES ('500', '43', 'リブラ　福田のり子', '03', '01', '2019-03-04', '0', '0', '2020-01-20 20:37:19', '2020-01-20 20:37:19', '0');
INSERT INTO `cards` VALUES ('501', '19', 'リブラ　佐竹美奈子', '03', '01', '2019-03-04', '0', '0', '2020-01-20 20:37:19', '2020-01-20 20:37:19', '0');
INSERT INTO `cards` VALUES ('502', '31', '花より咲き誇り　天空橋朋花', '04', '02', '2019-03-11', '1', '1', '2020-01-20 20:37:19', '2020-01-20 20:37:19', '0');
INSERT INTO `cards` VALUES ('503', '21', 'ヘヴンリー・フラワーズ　徳川まつり', '04', '01', '2019-03-11', '1', '0', '2020-01-20 20:37:19', '2020-01-20 20:37:19', '0');
INSERT INTO `cards` VALUES ('504', '48', 'スプリングビューティー　北上麗花', '03', '03', '2019-03-11', '1', '0', '2020-01-20 20:37:19', '2020-01-20 20:37:19', '0');
INSERT INTO `cards` VALUES ('505', '17', 'キュートに姫ポーズ♪　田中琴葉', '02', '01', '2019-03-11', '1', '0', '2020-01-20 20:37:19', '2020-01-20 20:37:19', '0');
INSERT INTO `cards` VALUES ('506', '16', 'ハッピークインテット♪　伊吹翼', '03', '03', '2019-03-12', '0', '0', '2020-01-20 20:37:19', '2020-01-20 20:37:19', '0');
INSERT INTO `cards` VALUES ('507', '4', '小さなスノードロップ　萩原雪歩', '03', '01', '2019-03-12', '0', '0', '2020-01-20 20:37:19', '2020-01-20 20:37:19', '0');
INSERT INTO `cards` VALUES ('508', '44', '女子力アップ。　真壁瑞希', '02', '02', '2019-03-12', '1', '0', '2020-01-20 20:37:19', '2020-01-20 20:37:19', '0');
INSERT INTO `cards` VALUES ('509', '42', 'スター・ナビゲーター　宮尾美也', '04', '03', '2019-03-19', '1', '1', '2020-01-20 20:37:19', '2020-01-20 20:37:19', '0');
INSERT INTO `cards` VALUES ('510', '33', '制服シリーズ　北沢志保', '03', '02', '2019-03-19', '1', '0', '2020-01-20 20:37:19', '2020-01-20 20:37:19', '0');
INSERT INTO `cards` VALUES ('511', '32', '制服シリーズ　エミリー', '03', '01', '2019-03-19', '1', '0', '2020-01-20 20:37:19', '2020-01-20 20:37:19', '0');
INSERT INTO `cards` VALUES ('512', '35', 'ピコピコプラネッツ　木下ひなた', '03', '03', '2019-03-19', '0', '0', '2020-01-20 20:37:19', '2020-01-20 20:37:19', '0');
INSERT INTO `cards` VALUES ('513', '22', 'ピコピコプラネッツ　箱崎星梨花', '03', '03', '2019-03-19', '0', '0', '2020-01-20 20:37:19', '2020-01-20 20:37:19', '0');
INSERT INTO `cards` VALUES ('514', '13', 'サンシャイン・ブライト　我那覇響', '04', '01', '2019-03-29', '1', '2', '2020-01-20 20:37:19', '2020-01-20 20:37:19', '0');
INSERT INTO `cards` VALUES ('515', '8', '月のごとく輝く　四条貴音', '04', '02', '2019-03-29', '1', '2', '2020-01-20 20:37:19', '2020-01-20 20:37:19', '0');
INSERT INTO `cards` VALUES ('516', '3', 'スターリー・グロウ　星井美希', '04', '03', '2019-03-29', '1', '2', '2020-01-20 20:37:19', '2020-01-20 20:37:19', '0');
INSERT INTO `cards` VALUES ('517', '26', 'クランクアップ！　七尾百合子', '03', '01', '2019-04-01', '0', '0', '2020-01-20 20:37:19', '2020-01-20 20:37:19', '0');
INSERT INTO `cards` VALUES ('518', '27', '記念スナップ　高山紗代子', '03', '01', '2019-04-01', '0', '0', '2020-01-20 20:37:19', '2020-01-20 20:37:19', '0');
INSERT INTO `cards` VALUES ('519', '52', '破滅の奏者　桜守歌織', '04', '03', '2019-04-02', '1', '1', '2020-01-20 20:37:19', '2020-01-20 20:37:19', '0');
INSERT INTO `cards` VALUES ('520', '6', 'ブラック・ストレングス　菊地真', '04', '01', '2019-04-02', '1', '0', '2020-01-20 20:37:19', '2020-01-20 20:37:19', '0');
INSERT INTO `cards` VALUES ('521', '17', '死の猛攻　田中琴葉', '03', '01', '2019-04-02', '1', '1', '2020-01-20 20:37:19', '2020-01-20 20:37:19', '0');
INSERT INTO `cards` VALUES ('522', '16', '一撃必殺！　伊吹翼', '03', '03', '2019-04-02', '1', '0', '2020-01-20 20:37:19', '2020-01-20 20:37:19', '0');
INSERT INTO `cards` VALUES ('523', '29', 'マイティセーラーズ　高坂海美', '03', '01', '2019-04-02', '1', '0', '2020-01-20 20:37:19', '2020-01-20 20:37:19', '0');
INSERT INTO `cards` VALUES ('524', '51', 'ヒーローズ・ジェネシス　白石紬', '03', '02', '2019-04-02', '0', '0', '2020-01-20 20:37:19', '2020-01-20 20:37:19', '0');
INSERT INTO `cards` VALUES ('525', '50', 'ヒーローズ・ジェネシス　ジュリア', '03', '02', '2019-04-02', '0', '0', '2020-01-20 20:37:19', '2020-01-20 20:37:19', '0');
INSERT INTO `cards` VALUES ('526', '49', 'アクティブチアリング　周防桃子', '04', '02', '2019-04-11', '1', '1', '2020-01-20 20:37:19', '2020-01-20 20:37:19', '0');
INSERT INTO `cards` VALUES ('527', '12', 'ザ・チャレンジャー！　双海真美', '04', '03', '2019-04-11', '1', '0', '2020-01-20 20:37:19', '2020-01-20 20:37:19', '0');
INSERT INTO `cards` VALUES ('528', '28', '不滅なる王道　松田亜利沙', '03', '01', '2019-04-11', '1', '0', '2020-01-20 20:37:19', '2020-01-20 20:37:19', '0');
INSERT INTO `cards` VALUES ('529', '41', 'ぽよっと平均台　豊川風花', '02', '03', '2019-04-11', '1', '0', '2020-01-20 20:37:19', '2020-01-20 20:37:19', '0');
INSERT INTO `cards` VALUES ('530', '1', '桜色のステージ　天海春香', '03', '01', '2019-04-12', '0', '0', '2020-01-20 20:37:19', '2020-01-20 20:37:19', '0');
INSERT INTO `cards` VALUES ('531', '18', '夜桜カーニバル　島原エレナ', '03', '03', '2019-04-12', '0', '0', '2020-01-20 20:37:19', '2020-01-20 20:37:19', '0');
INSERT INTO `cards` VALUES ('532', '31', 'せーのでピース☆　天空橋朋花', '02', '02', '2019-04-12', '1', '0', '2020-01-20 20:37:19', '2020-01-20 20:37:19', '0');
INSERT INTO `cards` VALUES ('533', '43', 'カラフリング・エッグ！　福田のり子', '04', '01', '2019-04-19', '1', '1', '2020-01-20 20:37:19', '2020-01-20 20:37:19', '0');
INSERT INTO `cards` VALUES ('534', '24', '制服シリーズ　望月杏奈', '03', '03', '2019-04-19', '1', '0', '2020-01-20 20:37:19', '2020-01-20 20:37:19', '0');
INSERT INTO `cards` VALUES ('535', '7', '制服シリーズ　水瀬伊織', '03', '02', '2019-04-19', '1', '0', '2020-01-20 20:37:19', '2020-01-20 20:37:19', '0');
INSERT INTO `cards` VALUES ('536', '14', 'STAR ELEMENTS　春日未来', '03', '01', '2019-04-19', '0', '0', '2020-01-20 20:37:19', '2020-01-20 20:37:19', '0');
INSERT INTO `cards` VALUES ('537', '36', 'STAR ELEMENTS　矢吹可奈', '03', '01', '2019-04-19', '0', '0', '2020-01-20 20:37:19', '2020-01-20 20:37:19', '0');
INSERT INTO `cards` VALUES ('538', '25', 'KOINOBORIは天高く　ロコ', '04', '02', '2019-04-30', '1', '1', '2020-01-20 20:37:19', '2020-01-20 20:37:19', '0');
INSERT INTO `cards` VALUES ('539', '4', 'なごみのお茶　萩原雪歩', '04', '01', '2019-04-30', '1', '0', '2020-01-20 20:37:19', '2020-01-20 20:37:19', '0');
INSERT INTO `cards` VALUES ('540', '41', '桜舞う満開パレード　豊川風花', '03', '03', '2019-04-30', '1', '1', '2020-01-20 20:37:19', '2020-01-20 20:37:19', '0');
INSERT INTO `cards` VALUES ('541', '47', 'ウィルゴ　永吉昴', '03', '02', '2019-05-02', '0', '0', '2020-01-20 20:37:19', '2020-01-20 20:37:19', '0');
INSERT INTO `cards` VALUES ('542', '15', 'ウィルゴ　最上静香', '03', '02', '2019-05-02', '0', '0', '2020-01-20 20:37:19', '2020-01-20 20:37:19', '0');
INSERT INTO `cards` VALUES ('543', '36', 'サーカスの花形　矢吹可奈', '04', '01', '2019-05-11', '1', '1', '2020-01-20 20:37:19', '2020-01-20 20:37:19', '0');
INSERT INTO `cards` VALUES ('544', '34', 'ミラクルパフォーマー　舞浜歩', '04', '02', '2019-05-11', '1', '0', '2020-01-20 20:37:19', '2020-01-20 20:37:19', '0');
INSERT INTO `cards` VALUES ('545', '39', 'かわいい猛獣使い　馬場このみ', '03', '03', '2019-05-11', '1', '0', '2020-01-20 20:37:19', '2020-01-20 20:37:19', '0');
INSERT INTO `cards` VALUES ('546', '38', 'スリル満点ナイフショー　二階堂千鶴', '02', '02', '2019-05-11', '1', '0', '2020-01-20 20:37:19', '2020-01-20 20:37:19', '0');
INSERT INTO `cards` VALUES ('547', '7', '気まぐれサンセット　水瀬伊織', '03', '02', '2019-05-12', '0', '0', '2020-01-20 20:37:19', '2020-01-20 20:37:19', '0');
INSERT INTO `cards` VALUES ('548', '16', 'プライベート・ボックス　伊吹翼', '03', '03', '2019-05-12', '0', '0', '2020-01-20 20:37:19', '2020-01-20 20:37:19', '0');
INSERT INTO `cards` VALUES ('549', '32', '英国淑女　エミリー', '02', '01', '2019-05-12', '1', '0', '2020-01-20 20:37:19', '2020-01-20 20:37:19', '0');
INSERT INTO `cards` VALUES ('550', '22', 'With My Heart　箱崎星梨花', '04', '03', '2019-05-20', '1', '1', '2020-01-20 20:37:19', '2020-01-20 20:37:19', '0');
INSERT INTO `cards` VALUES ('551', '30', '制服シリーズ　中谷育', '03', '01', '2019-05-20', '1', '0', '2020-01-20 20:37:19', '2020-01-20 20:37:19', '0');
INSERT INTO `cards` VALUES ('552', '48', '制服シリーズ　北上麗花', '03', '03', '2019-05-20', '1', '0', '2020-01-20 20:37:19', '2020-01-20 20:37:19', '0');
INSERT INTO `cards` VALUES ('553', '1', 'ありのまま、ずっと　天海春香', '03', '01', '2019-05-20', '0', '0', '2020-01-20 20:37:19', '2020-01-20 20:37:19', '0');
INSERT INTO `cards` VALUES ('554', '2', 'ありのまま、ずっと　如月千早', '03', '02', '2019-05-20', '0', '0', '2020-01-20 20:37:19', '2020-01-20 20:37:19', '0');
INSERT INTO `cards` VALUES ('555', '14', 'サンライト・ブライド　春日未来', '04', '01', '2019-05-31', '1', '1', '2020-01-20 20:37:19', '2020-01-20 20:37:19', '0');
INSERT INTO `cards` VALUES ('556', '45', 'ドキドキの瞬間　篠宮可憐', '04', '03', '2019-05-31', '1', '0', '2020-01-20 20:37:19', '2020-01-20 20:37:19', '0');
INSERT INTO `cards` VALUES ('557', '31', '夕闇の悪戯　天空橋朋花', '03', '02', '2019-05-31', '1', '1', '2020-01-20 20:37:19', '2020-01-20 20:37:19', '0');
INSERT INTO `cards` VALUES ('558', '23', 'フルーティ♡ベイビー　野々原茜', '03', '03', '2019-06-03', '0', '0', '2020-01-20 20:37:19', '2020-01-20 20:37:19', '0');
INSERT INTO `cards` VALUES ('559', '25', 'フルーティ♡ベイビー　ロコ', '03', '02', '2019-06-03', '0', '0', '2020-01-20 20:37:19', '2020-01-20 20:37:19', '0');
INSERT INTO `cards` VALUES ('560', '35', '笑顔でお届け！　木下ひなた', '04', '03', '2019-06-11', '1', '1', '2020-01-20 20:37:19', '2020-01-20 20:37:19', '0');
INSERT INTO `cards` VALUES ('561', '1', 'ふわふわドリーミング　天海春香', '04', '01', '2019-06-11', '1', '0', '2020-01-20 20:37:19', '2020-01-20 20:37:19', '0');
INSERT INTO `cards` VALUES ('562', '33', '寛ぎのひととき　北沢志保', '03', '02', '2019-06-11', '1', '0', '2020-01-20 20:37:19', '2020-01-20 20:37:19', '0');
INSERT INTO `cards` VALUES ('563', '30', '手づくりランチョンマット　中谷育', '02', '01', '2019-06-11', '1', '0', '2020-01-20 20:37:19', '2020-01-20 20:37:19', '0');
INSERT INTO `cards` VALUES ('564', '5', 'スプライトイルミネーション　高槻やよい', '03', '03', '2019-06-12', '0', '0', '2020-01-20 20:37:19', '2020-01-20 20:37:19', '0');
INSERT INTO `cards` VALUES ('565', '27', 'セクシースルーウェア　高山紗代子', '03', '01', '2019-06-12', '0', '0', '2020-01-20 20:37:19', '2020-01-20 20:37:19', '0');
INSERT INTO `cards` VALUES ('566', '34', 'スプラッシュパニック！　舞浜歩', '02', '02', '2019-06-12', '1', '0', '2020-01-20 20:37:19', '2020-01-20 20:37:19', '0');
INSERT INTO `cards` VALUES ('567', '51', '…コン♪　白石紬', '04', '02', '2019-06-19', '1', '1', '2020-01-20 20:37:19', '2020-01-20 20:37:19', '0');
INSERT INTO `cards` VALUES ('568', '10', '制服シリーズ　三浦あずさ', '03', '03', '2019-06-19', '1', '0', '2020-01-20 20:37:19', '2020-01-20 20:37:19', '0');
INSERT INTO `cards` VALUES ('569', '28', '制服シリーズ　松田亜利沙', '03', '01', '2019-06-19', '1', '0', '2020-01-20 20:37:19', '2020-01-20 20:37:19', '0');
INSERT INTO `cards` VALUES ('570', '41', 'Wedding Vows　豊川風花', '03', '03', '2019-06-19', '0', '0', '2020-01-20 20:37:19', '2020-01-20 20:37:19', '0');
INSERT INTO `cards` VALUES ('571', '46', 'Wedding Vows　百瀬莉緒', '03', '02', '2019-06-19', '0', '0', '2020-01-20 20:37:19', '2020-01-20 20:37:19', '0');
INSERT INTO `cards` VALUES ('572', '17', '昨日も今日も、その先も…　田中琴葉', '04', '01', '2019-06-27', '1', '2', '2020-01-20 20:37:19', '2020-01-20 20:37:19', '0');
INSERT INTO `cards` VALUES ('573', '20', 'ベストショットモーメント！　所恵美', '04', '02', '2019-06-27', '1', '2', '2020-01-20 20:37:19', '2020-01-20 20:37:19', '0');
INSERT INTO `cards` VALUES ('574', '18', 'スマイルエブリデイ♡　島原エレナ', '04', '03', '2019-06-27', '1', '2', '2020-01-20 20:37:19', '2020-01-20 20:37:19', '0');
INSERT INTO `cards` VALUES ('575', '1', 'UNI-ONAIR　天海春香', '03', '01', '2019-07-09', '0', '0', '2020-01-20 20:37:19', '2020-01-20 20:37:19', '0');
INSERT INTO `cards` VALUES ('576', '2', 'UNI-ONAIR　如月千早', '03', '02', '2019-07-08', '0', '0', '2020-01-20 20:37:19', '2020-01-20 20:37:19', '0');
INSERT INTO `cards` VALUES ('577', '3', 'UNI-ONAIR　星井美希', '03', '03', '2019-07-04', '0', '0', '2020-01-20 20:37:19', '2020-01-20 20:37:19', '0');
INSERT INTO `cards` VALUES ('578', '4', 'UNI-ONAIR　萩原雪歩', '03', '01', '2019-07-08', '0', '0', '2020-01-20 20:37:19', '2020-01-20 20:37:19', '0');
INSERT INTO `cards` VALUES ('579', '5', 'UNI-ONAIR　高槻やよい', '03', '03', '2019-07-04', '0', '0', '2020-01-20 20:37:19', '2020-01-20 20:37:19', '0');
INSERT INTO `cards` VALUES ('580', '6', 'UNI-ONAIR　菊地真', '03', '01', '2019-07-09', '0', '0', '2020-01-20 20:37:19', '2020-01-20 20:37:19', '0');
INSERT INTO `cards` VALUES ('581', '7', 'UNI-ONAIR　水瀬伊織', '03', '02', '2019-07-05', '0', '0', '2020-01-20 20:37:19', '2020-01-20 20:37:19', '0');
INSERT INTO `cards` VALUES ('582', '8', 'UNI-ONAIR　四条貴音', '03', '02', '2019-07-11', '0', '0', '2020-01-20 20:37:19', '2020-01-20 20:37:19', '0');
INSERT INTO `cards` VALUES ('583', '9', 'UNI-ONAIR　秋月律子', '03', '02', '2019-07-11', '0', '0', '2020-01-20 20:37:19', '2020-01-20 20:37:19', '0');
INSERT INTO `cards` VALUES ('584', '10', 'UNI-ONAIR　三浦あずさ', '03', '03', '2019-07-12', '0', '0', '2020-01-20 20:37:19', '2020-01-20 20:37:19', '0');
INSERT INTO `cards` VALUES ('585', '11', 'UNI-ONAIR　双海亜美', '03', '03', '2019-07-01', '0', '0', '2020-01-20 20:37:19', '2020-01-20 20:37:19', '0');
INSERT INTO `cards` VALUES ('586', '12', 'UNI-ONAIR　双海真美', '03', '03', '2019-07-02', '0', '0', '2020-01-20 20:37:19', '2020-01-20 20:37:19', '0');
INSERT INTO `cards` VALUES ('587', '13', 'UNI-ONAIR　我那覇響', '03', '01', '2019-07-06', '0', '0', '2020-01-20 20:37:19', '2020-01-20 20:37:19', '0');
INSERT INTO `cards` VALUES ('588', '14', 'UNI-ONAIR　春日未来', '03', '01', '2019-07-03', '0', '0', '2020-01-20 20:37:19', '2020-01-20 20:37:19', '0');
INSERT INTO `cards` VALUES ('589', '15', 'UNI-ONAIR　最上静香', '03', '02', '2019-07-02', '0', '0', '2020-01-20 20:37:19', '2020-01-20 20:37:19', '0');
INSERT INTO `cards` VALUES ('590', '16', 'UNI-ONAIR　伊吹翼', '03', '03', '2019-07-03', '0', '0', '2020-01-20 20:37:19', '2020-01-20 20:37:19', '0');
INSERT INTO `cards` VALUES ('591', '17', 'UNI-ONAIR　田中琴葉', '03', '01', '2019-07-10', '0', '0', '2020-01-20 20:37:19', '2020-01-20 20:37:19', '0');
INSERT INTO `cards` VALUES ('592', '18', 'UNI-ONAIR　島原エレナ', '03', '03', '2019-07-08', '0', '0', '2020-01-20 20:37:19', '2020-01-20 20:37:19', '0');
INSERT INTO `cards` VALUES ('593', '19', 'UNI-ONAIR　佐竹美奈子', '03', '01', '2019-07-11', '0', '0', '2020-01-20 20:37:19', '2020-01-20 20:37:19', '0');
INSERT INTO `cards` VALUES ('594', '20', 'UNI-ONAIR　所恵美', '03', '02', '2019-07-07', '0', '0', '2020-01-20 20:37:19', '2020-01-20 20:37:19', '0');
INSERT INTO `cards` VALUES ('595', '21', 'UNI-ONAIR　徳川まつり', '03', '01', '2019-07-12', '0', '0', '2020-01-20 20:37:19', '2020-01-20 20:37:19', '0');
INSERT INTO `cards` VALUES ('596', '22', 'UNI-ONAIR　箱崎星梨花', '03', '03', '2019-07-02', '0', '0', '2020-01-20 20:37:19', '2020-01-20 20:37:19', '0');
INSERT INTO `cards` VALUES ('597', '23', 'UNI-ONAIR　野々原茜', '03', '03', '2019-07-06', '0', '0', '2020-01-20 20:37:19', '2020-01-20 20:37:19', '0');
INSERT INTO `cards` VALUES ('598', '24', 'UNI-ONAIR　望月杏奈', '03', '03', '2019-07-04', '0', '0', '2020-01-20 20:37:19', '2020-01-20 20:37:19', '0');
INSERT INTO `cards` VALUES ('599', '25', 'UNI-ONAIR　ロコ', '03', '02', '2019-07-06', '0', '0', '2020-01-20 20:37:19', '2020-01-20 20:37:19', '0');
INSERT INTO `cards` VALUES ('600', '26', 'UNI-ONAIR　七尾百合子', '03', '01', '2019-07-05', '0', '0', '2020-01-20 20:37:19', '2020-01-20 20:37:19', '0');
INSERT INTO `cards` VALUES ('601', '27', 'UNI-ONAIR　高山紗代子', '03', '01', '2019-07-08', '0', '0', '2020-01-20 20:37:19', '2020-01-20 20:37:19', '0');
INSERT INTO `cards` VALUES ('602', '28', 'UNI-ONAIR　松田亜利沙', '03', '01', '2019-07-07', '0', '0', '2020-01-20 20:37:19', '2020-01-20 20:37:19', '0');
INSERT INTO `cards` VALUES ('603', '29', 'UNI-ONAIR　高坂海美', '03', '01', '2019-07-07', '0', '0', '2020-01-20 20:37:19', '2020-01-20 20:37:19', '0');
INSERT INTO `cards` VALUES ('604', '30', 'UNI-ONAIR　中谷育', '03', '01', '2019-07-01', '0', '0', '2020-01-20 20:37:19', '2020-01-20 20:37:19', '0');
INSERT INTO `cards` VALUES ('605', '31', 'UNI-ONAIR　天空橋朋花', '03', '02', '2019-07-05', '0', '0', '2020-01-20 20:37:19', '2020-01-20 20:37:19', '0');
INSERT INTO `cards` VALUES ('606', '32', 'UNI-ONAIR　エミリー', '03', '01', '2019-07-02', '0', '0', '2020-01-20 20:37:19', '2020-01-20 20:37:19', '0');
INSERT INTO `cards` VALUES ('607', '33', 'UNI-ONAIR　北沢志保', '03', '02', '2019-07-04', '0', '0', '2020-01-20 20:37:19', '2020-01-20 20:37:19', '0');
INSERT INTO `cards` VALUES ('608', '34', 'UNI-ONAIR　舞浜歩', '03', '02', '2019-07-11', '0', '0', '2020-01-20 20:37:19', '2020-01-20 20:37:19', '0');
INSERT INTO `cards` VALUES ('609', '35', 'UNI-ONAIR　木下ひなた', '03', '03', '2019-07-03', '0', '0', '2020-01-20 20:37:19', '2020-01-20 20:37:19', '0');
INSERT INTO `cards` VALUES ('610', '36', 'UNI-ONAIR　矢吹可奈', '03', '01', '2019-07-03', '0', '0', '2020-01-20 20:37:19', '2020-01-20 20:37:19', '0');
INSERT INTO `cards` VALUES ('611', '37', 'UNI-ONAIR　横山奈緒', '03', '01', '2019-07-10', '0', '0', '2020-01-20 20:37:19', '2020-01-20 20:37:19', '0');
INSERT INTO `cards` VALUES ('612', '38', 'UNI-ONAIR　二階堂千鶴', '03', '02', '2019-07-12', '0', '0', '2020-01-20 20:37:19', '2020-01-20 20:37:19', '0');
INSERT INTO `cards` VALUES ('613', '39', 'UNI-ONAIR　馬場このみ', '03', '03', '2019-07-13', '0', '0', '2020-01-20 20:37:19', '2020-01-20 20:37:19', '0');
INSERT INTO `cards` VALUES ('614', '40', 'UNI-ONAIR　大神環', '03', '03', '2019-07-01', '0', '0', '2020-01-20 20:37:19', '2020-01-20 20:37:19', '0');
INSERT INTO `cards` VALUES ('615', '41', 'UNI-ONAIR　豊川風花', '03', '03', '2019-07-13', '0', '0', '2020-01-20 20:37:19', '2020-01-20 20:37:19', '0');
INSERT INTO `cards` VALUES ('616', '42', 'UNI-ONAIR　宮尾美也', '03', '03', '2019-07-09', '0', '0', '2020-01-20 20:37:19', '2020-01-20 20:37:19', '0');
INSERT INTO `cards` VALUES ('617', '43', 'UNI-ONAIR　福田のり子', '03', '01', '2019-07-10', '0', '0', '2020-01-20 20:37:19', '2020-01-20 20:37:19', '0');
INSERT INTO `cards` VALUES ('618', '44', 'UNI-ONAIR　真壁瑞希', '03', '02', '2019-07-10', '0', '0', '2020-01-20 20:37:19', '2020-01-20 20:37:19', '0');
INSERT INTO `cards` VALUES ('619', '45', 'UNI-ONAIR　篠宮可憐', '03', '03', '2019-07-07', '0', '0', '2020-01-20 20:37:19', '2020-01-20 20:37:19', '0');
INSERT INTO `cards` VALUES ('620', '46', 'UNI-ONAIR　百瀬莉緒', '03', '02', '2019-07-13', '0', '0', '2020-01-20 20:37:19', '2020-01-20 20:37:19', '0');
INSERT INTO `cards` VALUES ('621', '47', 'UNI-ONAIR　永吉昴', '03', '02', '2019-07-05', '0', '0', '2020-01-20 20:37:19', '2020-01-20 20:37:19', '0');
INSERT INTO `cards` VALUES ('622', '48', 'UNI-ONAIR　北上麗花', '03', '03', '2019-07-12', '0', '0', '2020-01-20 20:37:19', '2020-01-20 20:37:19', '0');
INSERT INTO `cards` VALUES ('623', '49', 'UNI-ONAIR　周防桃子', '03', '02', '2019-07-01', '0', '0', '2020-01-20 20:37:19', '2020-01-20 20:37:19', '0');
INSERT INTO `cards` VALUES ('624', '50', 'UNI-ONAIR　ジュリア', '03', '02', '2019-07-06', '0', '0', '2020-01-20 20:37:19', '2020-01-20 20:37:19', '0');
INSERT INTO `cards` VALUES ('625', '51', 'UNI-ONAIR　白石紬', '03', '02', '2019-07-09', '0', '0', '2020-01-20 20:37:19', '2020-01-20 20:37:19', '0');
INSERT INTO `cards` VALUES ('626', '52', 'UNI-ONAIR　桜守歌織', '03', '03', '2019-07-13', '0', '0', '2020-01-20 20:37:19', '2020-01-20 20:37:19', '0');
INSERT INTO `cards` VALUES ('627', '16', '水上のユーフォリア　伊吹翼', '04', '03', '2019-07-03', '1', '1', '2020-01-20 20:37:19', '2020-01-20 20:37:19', '0');
INSERT INTO `cards` VALUES ('628', '2', 'アクアマリンマーメイド　如月千早', '04', '02', '2019-07-03', '1', '0', '2020-01-20 20:37:19', '2020-01-20 20:37:19', '0');
INSERT INTO `cards` VALUES ('629', '29', 'トロピカル急接近サンデー　高坂海美', '03', '01', '2019-07-03', '1', '1', '2020-01-20 20:37:19', '2020-01-20 20:37:19', '0');
INSERT INTO `cards` VALUES ('630', '8', '制服シリーズ　四条貴音', '03', '02', '2019-07-03', '1', '0', '2020-01-20 20:37:19', '2020-01-20 20:37:19', '0');
INSERT INTO `cards` VALUES ('631', '46', '麗しきエルフの戦士　百瀬莉緒', '04', '02', '2019-07-14', '1', '1', '2020-01-20 20:37:19', '2020-01-20 20:37:19', '0');
INSERT INTO `cards` VALUES ('632', '30', '友情のメタモルフォーゼ　中谷育', '04', '01', '2019-07-14', '1', '0', '2020-01-20 20:37:19', '2020-01-20 20:37:19', '0');
INSERT INTO `cards` VALUES ('633', '10', '哀しみの魔女　三浦あずさ', '03', '03', '2019-07-14', '1', '0', '2020-01-20 20:37:19', '2020-01-20 20:37:19', '0');
INSERT INTO `cards` VALUES ('634', '27', '制服シリーズ　高山紗代子', '03', '01', '2019-07-14', '1', '0', '2020-01-20 20:37:19', '2020-01-20 20:37:19', '0');
INSERT INTO `cards` VALUES ('635', '4', '祈りを託して　萩原雪歩', '02', '01', '2019-07-14', '1', '0', '2020-01-20 20:37:19', '2020-01-20 20:37:19', '0');
INSERT INTO `cards` VALUES ('636', '28', 'サンライトフェアリー　松田亜利沙', '03', '01', '2019-07-15', '0', '0', '2020-01-20 20:37:19', '2020-01-20 20:37:19', '0');
INSERT INTO `cards` VALUES ('637', '45', '夏が香る景色　篠宮可憐', '03', '03', '2019-07-15', '0', '0', '2020-01-20 20:37:19', '2020-01-20 20:37:19', '0');
INSERT INTO `cards` VALUES ('638', '50', '熱闘！ビーチバレー　ジュリア', '02', '02', '2019-07-15', '1', '0', '2020-01-20 20:37:19', '2020-01-20 20:37:19', '0');
INSERT INTO `cards` VALUES ('639', '32', 'くのいち見参！　エミリー', '04', '01', '2019-07-23', '1', '1', '2020-01-20 20:37:19', '2020-01-20 20:37:19', '0');
INSERT INTO `cards` VALUES ('640', '38', '制服シリーズ　二階堂千鶴', '03', '02', '2019-07-23', '1', '0', '2020-01-20 20:37:19', '2020-01-20 20:37:19', '0');
INSERT INTO `cards` VALUES ('641', '40', '制服シリーズ　大神環', '03', '03', '2019-07-23', '1', '0', '2020-01-20 20:37:19', '2020-01-20 20:37:19', '0');
INSERT INTO `cards` VALUES ('642', '26', 'Chrono-Lexica　七尾百合子', '03', '01', '2019-07-23', '0', '0', '2020-01-20 20:37:19', '2020-01-20 20:37:19', '0');
INSERT INTO `cards` VALUES ('643', '47', 'Chrono-Lexica　永吉昴', '03', '02', '2019-07-23', '0', '0', '2020-01-20 20:37:19', '2020-01-20 20:37:19', '0');
INSERT INTO `cards` VALUES ('644', '44', '降り注ぐシャインシャワー　真壁瑞希', '04', '02', '2019-07-31', '1', '1', '2020-01-20 20:37:19', '2020-01-20 20:37:19', '0');
INSERT INTO `cards` VALUES ('645', '13', 'ホットサマーメモリーズ　我那覇響', '04', '01', '2019-07-31', '1', '0', '2020-01-20 20:37:19', '2020-01-20 20:37:19', '0');
INSERT INTO `cards` VALUES ('646', '48', 'サンセットビーチ　北上麗花', '03', '03', '2019-07-31', '1', '1', '2020-01-20 20:37:19', '2020-01-20 20:37:19', '0');
INSERT INTO `cards` VALUES ('647', '36', '制服シリーズ　矢吹可奈', '03', '01', '2019-07-31', '1', '0', '2020-01-20 20:37:19', '2020-01-20 20:37:19', '0');
INSERT INTO `cards` VALUES ('648', '37', 'キャンサー　横山奈緒', '03', '01', '2019-08-04', '0', '0', '2020-01-20 20:37:19', '2020-01-20 20:37:19', '0');
INSERT INTO `cards` VALUES ('649', '35', 'キャンサー　木下ひなた', '03', '03', '2019-08-04', '0', '0', '2020-01-20 20:37:19', '2020-01-20 20:37:19', '0');
INSERT INTO `cards` VALUES ('650', '19', '最強の陰陽師！　佐竹美奈子', '04', '01', '2019-08-13', '1', '1', '2020-01-20 20:37:19', '2020-01-20 20:37:19', '0');
INSERT INTO `cards` VALUES ('651', '23', 'ちゃっかり猫又娘　野々原茜', '04', '03', '2019-08-13', '1', '0', '2020-01-20 20:37:19', '2020-01-20 20:37:19', '0');
INSERT INTO `cards` VALUES ('652', '49', 'アツアツ地獄ライブ♪　周防桃子', '03', '02', '2019-08-13', '1', '0', '2020-01-20 20:37:19', '2020-01-20 20:37:19', '0');
INSERT INTO `cards` VALUES ('653', '12', '制服シリーズ　双海真美', '03', '03', '2019-08-13', '1', '0', '2020-01-20 20:37:19', '2020-01-20 20:37:19', '0');
INSERT INTO `cards` VALUES ('654', '22', 'からかさ少女　箱崎星梨花', '02', '03', '2019-08-13', '1', '0', '2020-01-20 20:37:19', '2020-01-20 20:37:19', '0');
INSERT INTO `cards` VALUES ('655', '9', '万全のサポ－ト　秋月律子', '03', '02', '2019-08-14', '0', '0', '2020-01-20 20:37:19', '2020-01-20 20:37:19', '0');
INSERT INTO `cards` VALUES ('656', '32', '忠義の征討　エミリー', '03', '01', '2019-08-14', '0', '0', '2020-01-20 20:37:19', '2020-01-20 20:37:19', '0');
INSERT INTO `cards` VALUES ('657', '40', 'メラメラサラマンダ－　大神環', '02', '03', '2019-08-14', '1', '0', '2020-01-20 20:37:19', '2020-01-20 20:37:19', '0');
INSERT INTO `cards` VALUES ('658', '24', '夏祭りの楽しみ方　望月杏奈', '04', '03', '2019-08-20', '1', '1', '2020-01-20 20:37:19', '2020-01-20 20:37:19', '0');
INSERT INTO `cards` VALUES ('659', '21', '制服シリーズ　徳川まつり', '03', '01', '2019-08-20', '1', '0', '2020-01-20 20:37:19', '2020-01-20 20:37:19', '0');
INSERT INTO `cards` VALUES ('660', '50', '制服シリーズ　ジュリア', '03', '02', '2019-08-20', '1', '0', '2020-01-20 20:37:19', '2020-01-20 20:37:19', '0');
INSERT INTO `cards` VALUES ('661', '4', 'Xs　萩原雪歩', '03', '01', '2019-08-21', '0', '0', '2020-01-20 20:37:19', '2020-01-20 20:37:19', '0');
INSERT INTO `cards` VALUES ('662', '3', 'Xs　星井美希', '03', '03', '2019-08-21', '0', '0', '2020-01-20 20:37:19', '2020-01-20 20:37:19', '0');
INSERT INTO `cards` VALUES ('663', '41', '酔いしれる芳香　豊川風花', '04', '03', '2019-08-31', '1', '1', '2020-01-20 20:37:19', '2020-01-20 20:37:19', '0');
INSERT INTO `cards` VALUES ('664', '17', '秋の匂いに包まれて　田中琴葉', '04', '01', '2019-08-31', '1', '0', '2020-01-20 20:37:19', '2020-01-20 20:37:19', '0');
INSERT INTO `cards` VALUES ('665', '19', 'ぽかぽかサービス　佐竹美奈子', '03', '01', '2019-08-31', '1', '1', '2020-01-20 20:37:19', '2020-01-20 20:37:19', '0');
INSERT INTO `cards` VALUES ('666', '35', '制服シリーズ　木下ひなた', '03', '03', '2019-08-31', '1', '0', '2020-01-20 20:37:19', '2020-01-20 20:37:19', '0');
INSERT INTO `cards` VALUES ('667', '36', '魅裏怨　矢吹可奈', '03', '01', '2019-09-03', '0', '0', '2020-01-20 20:37:19', '2020-01-20 20:37:19', '0');
INSERT INTO `cards` VALUES ('668', '48', '魅裏怨　北上麗花', '03', '03', '2019-09-03', '0', '0', '2020-01-20 20:37:19', '2020-01-20 20:37:19', '0');
INSERT INTO `cards` VALUES ('669', '28', 'アクティビティボール　松田亜利沙', '04', '01', '2019-09-11', '1', '1', '2020-01-20 20:37:19', '2020-01-20 20:37:19', '0');
INSERT INTO `cards` VALUES ('670', '5', 'スポーツ☆スマイル　高槻やよい', '04', '03', '2019-09-11', '1', '0', '2020-01-20 20:37:19', '2020-01-20 20:37:19', '0');
INSERT INTO `cards` VALUES ('671', '47', '爽快ポケバイレース！　永吉昴', '03', '02', '2019-09-11', '1', '0', '2020-01-20 20:37:19', '2020-01-20 20:37:19', '0');
INSERT INTO `cards` VALUES ('672', '3', '制服シリーズ　星井美希', '03', '03', '2019-09-11', '1', '0', '2020-01-20 20:37:19', '2020-01-20 20:37:19', '0');
INSERT INTO `cards` VALUES ('673', '20', '視線をクギづけ　所恵美', '02', '02', '2019-09-11', '1', '0', '2020-01-20 20:37:19', '2020-01-20 20:37:19', '0');
INSERT INTO `cards` VALUES ('674', '45', '月明かりのティータイム　篠宮可憐', '03', '03', '2019-09-12', '0', '0', '2020-01-20 20:37:19', '2020-01-20 20:37:19', '0');
INSERT INTO `cards` VALUES ('675', '34', 'すやすや抱きまくら　舞浜歩', '03', '02', '2019-09-12', '0', '0', '2020-01-20 20:37:19', '2020-01-20 20:37:19', '0');
INSERT INTO `cards` VALUES ('676', '14', '月より団子？　春日未来', '02', '01', '2019-09-12', '1', '0', '2020-01-20 20:37:19', '2020-01-20 20:37:19', '0');
INSERT INTO `cards` VALUES ('677', '13', 'おとぎの国の物語［オオカミ］　我那覇響', '04', '01', '2019-09-19', '1', '0', '2020-01-20 20:37:19', '2020-01-20 20:37:19', '0');
INSERT INTO `cards` VALUES ('678', '47', 'おとぎの国の物語［旅人］　永吉昴', '04', '02', '2019-09-19', '1', '0', '2020-01-20 20:37:19', '2020-01-20 20:37:19', '0');
INSERT INTO `cards` VALUES ('679', '21', 'おとぎの国の物語［魔法使い］　徳川まつり', '03', '01', '2019-09-19', '1', '0', '2020-01-20 20:37:19', '2020-01-20 20:37:19', '0');
INSERT INTO `cards` VALUES ('680', '22', 'おとぎの国の物語［少女］　箱崎星梨花', '03', '03', '2019-09-19', '0', '0', '2020-01-20 20:37:19', '2020-01-20 20:37:19', '0');
INSERT INTO `cards` VALUES ('681', '49', 'おとぎの国の物語［妖精］　周防桃子', '03', '02', '2019-09-19', '0', '0', '2020-01-20 20:37:19', '2020-01-20 20:37:19', '0');
INSERT INTO `cards` VALUES ('682', '25', '超ビーチバレー［プチキング］　ロコ', '03', '02', '2019-09-22', '1', '0', '2020-01-20 20:37:19', '2020-01-20 20:37:19', '0');
INSERT INTO `cards` VALUES ('683', '33', '三姉妹カフェ［黒ネコ］　北沢志保', '03', '02', '2019-09-22', '1', '0', '2020-01-20 20:37:19', '2020-01-20 20:37:19', '0');
INSERT INTO `cards` VALUES ('684', '26', '劇場サスペンス［警部］　七尾百合子', '03', '01', '2019-09-22', '1', '0', '2020-01-20 20:37:19', '2020-01-20 20:37:19', '0');
INSERT INTO `cards` VALUES ('685', '49', 'おいしく召し上がれ…♡　周防桃子', '04', '02', '2019-09-27', '1', '2', '2020-01-20 20:37:19', '2020-01-20 20:37:19', '0');
INSERT INTO `cards` VALUES ('686', '30', 'チュッ！てしちゃうぞ♪　中谷育', '04', '01', '2019-09-27', '1', '2', '2020-01-20 20:37:19', '2020-01-20 20:37:19', '0');
INSERT INTO `cards` VALUES ('687', '40', 'いたずら大作戦　大神環', '04', '03', '2019-10-01', '1', '1', '2020-01-20 20:37:19', '2020-01-20 20:37:19', '0');
INSERT INTO `cards` VALUES ('688', '8', '私のお気に入り　四条貴音', '04', '02', '2019-10-01', '1', '0', '2020-01-20 20:37:19', '2020-01-20 20:37:19', '0');
INSERT INTO `cards` VALUES ('689', '26', 'お茶目なヴァンパイアガール　七尾百合子', '03', '01', '2019-10-01', '1', '1', '2020-01-20 20:37:19', '2020-01-20 20:37:19', '0');
INSERT INTO `cards` VALUES ('690', '31', '制服シリーズ　天空橋朋花', '03', '02', '2019-10-01', '1', '0', '2020-01-20 20:37:19', '2020-01-20 20:37:19', '0');
INSERT INTO `cards` VALUES ('691', '9', '気付いて！乙女ゴコロ　秋月律子', '03', '02', '2019-10-03', '0', '0', '2020-01-20 20:37:19', '2020-01-20 20:37:19', '0');
INSERT INTO `cards` VALUES ('692', '45', '気付いて！乙女ゴコロ　篠宮可憐', '03', '03', '2019-10-03', '0', '0', '2020-01-20 20:37:19', '2020-01-20 20:37:19', '0');
INSERT INTO `cards` VALUES ('693', '50', '小さなオーケストラ　ジュリア', '04', '02', '2019-10-12', '1', '1', '2020-01-20 20:37:19', '2020-01-20 20:37:19', '0');
INSERT INTO `cards` VALUES ('694', '27', 'グレイト・ハーベスト　高山紗代子', '04', '01', '2019-10-12', '1', '0', '2020-01-20 20:37:19', '2020-01-20 20:37:19', '0');
INSERT INTO `cards` VALUES ('695', '39', '紅深まる秋宵　馬場このみ', '03', '03', '2019-10-12', '1', '0', '2020-01-20 20:37:19', '2020-01-20 20:37:19', '0');
INSERT INTO `cards` VALUES ('696', '11', '制服シリーズ　双海亜美', '03', '03', '2019-10-12', '1', '0', '2020-01-20 20:37:19', '2020-01-20 20:37:19', '0');
INSERT INTO `cards` VALUES ('697', '15', 'くつろぎブックスペース　最上静香', '02', '02', '2019-10-12', '1', '0', '2020-01-20 20:37:19', '2020-01-20 20:37:19', '0');
INSERT INTO `cards` VALUES ('698', '17', 'せーのっ！　田中琴葉', '03', '01', '2019-10-12', '0', '0', '2020-01-20 20:37:19', '2020-01-20 20:37:19', '0');
INSERT INTO `cards` VALUES ('699', '20', 'ハッピーフレンズ　所恵美', '03', '02', '2019-10-12', '0', '0', '2020-01-20 20:37:19', '2020-01-20 20:37:19', '0');
INSERT INTO `cards` VALUES ('700', '18', 'カーニバル入場　島原エレナ', '02', '03', '2019-10-12', '1', '0', '2020-01-20 20:37:19', '2020-01-20 20:37:19', '0');
INSERT INTO `cards` VALUES ('701', '1', 'アウトサイダー［ファイナルデイ］　天海春香', '04', '01', '2019-10-20', '1', '0', '2020-01-20 20:37:19', '2020-01-20 20:37:19', '0');
INSERT INTO `cards` VALUES ('702', '6', 'アウトサイダー［ベルベット］　菊地真', '04', '01', '2019-10-20', '1', '0', '2020-01-20 20:37:19', '2020-01-20 20:37:19', '0');
INSERT INTO `cards` VALUES ('703', '32', 'アウトサイダー［アマリリス］　エミリー', '03', '01', '2019-10-20', '1', '0', '2020-01-20 20:37:19', '2020-01-20 20:37:19', '0');
INSERT INTO `cards` VALUES ('704', '2', 'アウトサイダー［ダスク］　如月千早', '03', '02', '2019-10-20', '0', '0', '2020-01-20 20:37:19', '2020-01-20 20:37:19', '0');
INSERT INTO `cards` VALUES ('705', '3', 'アウトサイダー［バスターブレイド］　星井美希', '03', '03', '2019-10-20', '0', '0', '2020-01-20 20:37:19', '2020-01-20 20:37:19', '0');
INSERT INTO `cards` VALUES ('706', '20', '悩殺アラバスター　所恵美', '04', '02', '2019-10-31', '1', '1', '2020-01-20 20:37:19', '2020-01-20 20:37:19', '0');
INSERT INTO `cards` VALUES ('707', '37', '赤く輝いて！　横山奈緒', '04', '01', '2019-10-31', '1', '0', '2020-01-20 20:37:19', '2020-01-20 20:37:19', '0');
INSERT INTO `cards` VALUES ('708', '41', '悩ましダンス　豊川風花', '03', '03', '2019-10-31', '1', '1', '2020-01-20 20:37:19', '2020-01-20 20:37:19', '0');
INSERT INTO `cards` VALUES ('709', '16', '制服シリーズ　伊吹翼', '03', '03', '2019-10-31', '1', '0', '2020-01-20 20:37:19', '2020-01-20 20:37:19', '0');
INSERT INTO `cards` VALUES ('710', '48', 'アクアリウス　北上麗花', '03', '03', '2019-11-02', '0', '0', '2020-01-20 20:37:19', '2020-01-20 20:37:19', '0');
INSERT INTO `cards` VALUES ('711', '27', 'アクアリウス　高山紗代子', '03', '01', '2019-11-02', '0', '0', '2020-01-20 20:37:19', '2020-01-20 20:37:19', '0');
INSERT INTO `cards` VALUES ('712', '7', '晴れ晴れと、華麗に　水瀬伊織', '04', '02', '2019-11-09', '1', '1', '2020-01-20 20:37:19', '2020-01-20 20:37:19', '0');
INSERT INTO `cards` VALUES ('713', '52', 'この時代を楽しんで　桜守歌織', '04', '03', '2019-11-09', '1', '0', '2020-01-20 20:37:19', '2020-01-20 20:37:19', '0');
INSERT INTO `cards` VALUES ('714', '38', '女学校のマドンナ　二階堂千鶴', '03', '02', '2019-11-09', '1', '0', '2020-01-20 20:37:19', '2020-01-20 20:37:19', '0');
INSERT INTO `cards` VALUES ('715', '43', '制服シリーズ　福田のり子', '03', '01', '2019-11-09', '1', '0', '2020-01-20 20:37:19', '2020-01-20 20:37:19', '0');
INSERT INTO `cards` VALUES ('716', '12', 'じゃじゃ馬女学生　双海真美', '02', '03', '2019-11-09', '1', '0', '2020-01-20 20:37:19', '2020-01-20 20:37:19', '0');
INSERT INTO `cards` VALUES ('717', '50', 'アイドル修行ポーズ編　ジュリア', '03', '02', '2019-11-10', '0', '0', '2020-01-20 20:37:19', '2020-01-20 20:37:19', '0');
INSERT INTO `cards` VALUES ('718', '24', 'ベースに恋して！　望月杏奈', '03', '03', '2019-11-10', '0', '0', '2020-01-20 20:37:19', '2020-01-20 20:37:19', '0');
INSERT INTO `cards` VALUES ('719', '28', '真夏のアップビート　松田亜利沙', '02', '01', '2019-11-10', '1', '0', '2020-01-20 20:37:19', '2020-01-20 20:37:19', '0');
INSERT INTO `cards` VALUES ('720', '10', '私だけの運命を探して　三浦あずさ', '04', '03', '2019-11-17', '1', '1', '2020-01-20 20:37:19', '2020-01-20 20:37:19', '0');
INSERT INTO `cards` VALUES ('721', '19', '制服シリーズ　佐竹美奈子', '03', '01', '2019-11-17', '1', '0', '2020-01-20 20:37:19', '2020-01-20 20:37:19', '0');
INSERT INTO `cards` VALUES ('722', '25', '制服シリーズ　ロコ', '03', '02', '2019-11-17', '1', '0', '2020-01-20 20:37:19', '2020-01-20 20:37:19', '0');
INSERT INTO `cards` VALUES ('723', '39', 'Sherry ’n Cherry　馬場このみ', '03', '03', '2019-11-18', '0', '0', '2020-01-20 20:37:19', '2020-01-20 20:37:19', '0');
INSERT INTO `cards` VALUES ('724', '46', 'Sherry ’n Cherry　百瀬莉緒', '03', '02', '2019-11-18', '0', '0', '2020-01-20 20:37:19', '2020-01-20 20:37:19', '0');
INSERT INTO `cards` VALUES ('725', '54', '世界に冠たる絶対女王　玲音', '03', '04', '2019-11-27', '0', '0', '2020-01-20 20:37:19', '2020-01-20 20:37:19', '0');
INSERT INTO `cards` VALUES ('726', '21', 'クリスマス★スイーツ　徳川まつり', '04', '01', '2019-11-30', '1', '1', '2020-01-20 20:37:19', '2020-01-20 20:37:19', '0');
INSERT INTO `cards` VALUES ('727', '42', '聖夜を飾る雪だるま　宮尾美也', '04', '03', '2019-11-30', '1', '0', '2020-01-20 20:37:19', '2020-01-20 20:37:19', '0');
INSERT INTO `cards` VALUES ('728', '36', '想いはいっしょ　矢吹可奈', '03', '01', '2019-11-30', '1', '1', '2020-01-20 20:37:19', '2020-01-20 20:37:19', '0');
INSERT INTO `cards` VALUES ('729', '18', '制服シリーズ　島原エレナ', '03', '03', '2019-11-30', '1', '0', '2020-01-20 20:37:19', '2020-01-20 20:37:19', '0');
INSERT INTO `cards` VALUES ('730', '8', '夜空に瞬いて　四条貴音', '03', '02', '2019-12-01', '0', '0', '2020-01-20 20:37:19', '2020-01-20 20:37:19', '0');
INSERT INTO `cards` VALUES ('731', '29', '夜空に瞬いて　高坂海美', '03', '01', '2019-12-01', '0', '0', '2020-01-20 20:37:19', '2020-01-20 20:37:19', '0');
INSERT INTO `cards` VALUES ('732', '48', 'パワフルレッド・ステージ　北上麗花', '04', '03', '2019-12-09', '1', '1', '2020-01-20 20:37:19', '2020-01-20 20:37:19', '0');
INSERT INTO `cards` VALUES ('733', '9', 'スポットライトの向こうに　秋月律子', '04', '02', '2019-12-09', '1', '0', '2020-01-20 20:37:19', '2020-01-20 20:37:19', '0');
INSERT INTO `cards` VALUES ('734', '14', 'ラブリースウィートガールズ　春日未来', '03', '01', '2019-12-09', '1', '0', '2020-01-20 20:37:19', '2020-01-20 20:37:19', '0');
INSERT INTO `cards` VALUES ('735', '45', '制服シリーズ　篠宮可憐', '03', '03', '2019-12-09', '1', '0', '2020-01-20 20:37:19', '2020-01-20 20:37:19', '0');
INSERT INTO `cards` VALUES ('736', '5', 'プリティデュオ　高槻やよい', '02', '03', '2019-12-09', '1', '0', '2020-01-20 20:37:19', '2020-01-20 20:37:19', '0');
INSERT INTO `cards` VALUES ('737', '40', 'ファンタジックキャンドルナイト　大神環', '03', '03', '2019-12-10', '0', '0', '2020-01-20 20:37:19', '2020-01-20 20:37:19', '0');
INSERT INTO `cards` VALUES ('738', '30', '素敵な贈り物　中谷育', '03', '01', '2019-12-10', '0', '0', '2020-01-20 20:37:19', '2020-01-20 20:37:19', '0');
INSERT INTO `cards` VALUES ('739', '33', '大切な贈り物　北沢志保', '02', '02', '2019-12-10', '1', '0', '2020-01-20 20:37:19', '2020-01-20 20:37:19', '0');
INSERT INTO `cards` VALUES ('740', '4', 'ブランニュー・シーナリー　萩原雪歩', '04', '01', '2019-12-17', '1', '1', '2020-01-20 20:37:19', '2020-01-20 20:37:19', '0');
INSERT INTO `cards` VALUES ('741', '13', '制服シリーズ　我那覇響', '03', '01', '2019-12-17', '1', '0', '2020-01-20 20:37:19', '2020-01-20 20:37:19', '0');
INSERT INTO `cards` VALUES ('742', '22', '制服シリーズ　箱崎星梨花', '03', '03', '2019-12-17', '1', '0', '2020-01-20 20:37:19', '2020-01-20 20:37:19', '0');
INSERT INTO `cards` VALUES ('743', '10', 'ARCANA　三浦あずさ', '03', '03', '2019-12-17', '0', '0', '2020-01-20 20:37:19', '2020-01-20 20:37:19', '0');
INSERT INTO `cards` VALUES ('744', '2', 'ARCANA　如月千早', '03', '02', '2019-12-17', '0', '0', '2020-01-20 20:37:19', '2020-01-20 20:37:19', '0');
INSERT INTO `cards` VALUES ('745', '26', '幸せはラージサイズで　七尾百合子', '04', '01', '2019-12-25', '1', '2', '2020-01-20 20:37:19', '2020-01-20 20:37:19', '0');
INSERT INTO `cards` VALUES ('746', '24', 'クリスマス・ミッション　望月杏奈', '04', '03', '2019-12-25', '1', '2', '2020-01-20 20:37:19', '2020-01-20 20:37:19', '0');
INSERT INTO `cards` VALUES ('747', '22', '寿の華、ごらんあれ！　箱崎星梨花', '04', '03', '2019-12-31', '1', '1', '2020-01-20 20:37:19', '2020-01-20 20:37:19', '0');
INSERT INTO `cards` VALUES ('748', '15', '思いは和歌に秘めて　最上静香', '04', '02', '2019-12-31', '1', '0', '2020-01-20 20:37:19', '2020-01-20 20:37:19', '0');
INSERT INTO `cards` VALUES ('749', '27', 'しっとり振袖ライブ　高山紗代子', '03', '01', '2019-12-31', '1', '1', '2020-01-20 20:37:19', '2020-01-20 20:37:19', '0');
INSERT INTO `cards` VALUES ('750', '1', '制服シリーズ　天海春香', '03', '01', '2019-12-31', '1', '0', '2020-01-20 20:37:19', '2020-01-20 20:37:19', '0');
INSERT INTO `cards` VALUES ('751', '49', '果てしなく仁義ない戦い　周防桃子', '03', '02', '2020-01-02', '0', '0', '2020-01-20 20:37:19', '2020-01-20 20:37:19', '0');
INSERT INTO `cards` VALUES ('752', '35', '果てしなく仁義ない戦い　木下ひなた', '03', '03', '2020-01-02', '0', '0', '2020-01-20 20:37:19', '2020-01-20 20:37:19', '0');
INSERT INTO `cards` VALUES ('753', '29', '新春ハピネスガール　高坂海美', '04', '01', '2020-01-11', '1', '1', '2020-01-20 21:05:10', '2020-01-20 21:05:10', '0');
INSERT INTO `cards` VALUES ('754', '16', '反撃のハンター　伊吹翼', '04', '03', '2020-01-11', '1', '0', '2020-01-20 21:05:10', '2020-01-20 21:05:10', '0');
INSERT INTO `cards` VALUES ('755', '46', 'かくし芸クイーン誕生！　百瀬莉緒', '03', '02', '2020-01-11', '1', '0', '2020-01-20 21:05:10', '2020-01-20 21:05:10', '0');
INSERT INTO `cards` VALUES ('756', '44', '制服シリーズ　真壁瑞希', '03', '02', '2020-01-11', '1', '0', '2020-01-20 21:05:10', '2020-01-20 21:05:10', '0');
INSERT INTO `cards` VALUES ('757', '21', 'しゃぼんドリーム　徳川まつり', '02', '01', '2020-01-11', '1', '0', '2020-01-20 21:05:10', '2020-01-20 21:05:10', '0');
INSERT INTO `cards` VALUES ('758', '14', '大願成就の予感！　春日未来', '03', '01', '2020-01-12', '0', '0', '2020-01-20 21:05:10', '2020-01-20 21:05:10', '0');
INSERT INTO `cards` VALUES ('759', '3', '神懸りし舞調べ　星井美希', '03', '03', '2020-01-12', '0', '0', '2020-01-20 21:05:10', '2020-01-20 21:05:10', '0');
INSERT INTO `cards` VALUES ('760', '38', '迎春の調べ　二階堂千鶴', '02', '02', '2020-01-12', '1', '0', '2020-01-20 21:05:10', '2020-01-20 21:05:10', '0');
INSERT INTO `cards` VALUES ('761', '47', '快方のプロミス　永吉昴', '04', '02', '2020-01-20', '1', '1', '2020-01-20 21:05:10', '2020-01-20 21:05:10', '0');
INSERT INTO `cards` VALUES ('762', '41', '制服シリーズ　豊川風花', '03', '03', '2020-01-20', '1', '0', '2020-01-20 21:05:10', '2020-01-20 21:05:10', '0');
INSERT INTO `cards` VALUES ('763', '6', '制服シリーズ　菊地真', '03', '01', '2020-01-20', '1', '0', '2020-01-20 21:05:10', '2020-01-20 21:05:10', '0');

-- ----------------------------
-- Table structure for `card_reprints`
-- ----------------------------
DROP TABLE IF EXISTS `card_reprints`;
CREATE TABLE `card_reprints` (
  `id` int(11) NOT NULL AUTO_INCREMENT COMMENT 'ID',
  `gasha_id` int(11) DEFAULT NULL COMMENT 'ガシャID',
  `card_id` int(11) DEFAULT NULL COMMENT 'カードID',
  `created` datetime DEFAULT NULL COMMENT '作成日時',
  `modified` datetime DEFAULT NULL COMMENT '更新日時',
  `delete_flag` char(1) NOT NULL DEFAULT '0' COMMENT '削除フラグ',
  PRIMARY KEY (`id`)
) ENGINE=InnoDB AUTO_INCREMENT=84 DEFAULT CHARSET=utf8 COMMENT='復刻';

-- ----------------------------
-- Records of card_reprints
-- ----------------------------
INSERT INTO `card_reprints` VALUES ('1', '29', '110', '2020-01-20 20:29:05', '2020-01-20 20:29:05', '0');
INSERT INTO `card_reprints` VALUES ('2', '29', '119', '2020-01-20 20:29:05', '2020-01-20 20:29:05', '0');
INSERT INTO `card_reprints` VALUES ('3', '29', '133', '2020-01-20 20:29:05', '2020-01-20 20:29:05', '0');
INSERT INTO `card_reprints` VALUES ('4', '29', '112', '2020-01-20 20:29:05', '2020-01-20 20:29:05', '0');
INSERT INTO `card_reprints` VALUES ('5', '29', '121', '2020-01-20 20:29:05', '2020-01-20 20:29:05', '0');
INSERT INTO `card_reprints` VALUES ('6', '29', '135', '2020-01-20 20:29:05', '2020-01-20 20:29:05', '0');
INSERT INTO `card_reprints` VALUES ('7', '40', '149', '2020-01-20 20:29:05', '2020-01-20 20:29:05', '0');
INSERT INTO `card_reprints` VALUES ('8', '40', '163', '2020-01-20 20:29:05', '2020-01-20 20:29:05', '0');
INSERT INTO `card_reprints` VALUES ('9', '40', '179', '2020-01-20 20:29:05', '2020-01-20 20:29:05', '0');
INSERT INTO `card_reprints` VALUES ('10', '51', '197', '2020-01-20 20:29:05', '2020-01-20 20:29:05', '0');
INSERT INTO `card_reprints` VALUES ('11', '51', '214', '2020-01-20 20:29:05', '2020-01-20 20:29:05', '0');
INSERT INTO `card_reprints` VALUES ('12', '51', '233', '2020-01-20 20:29:05', '2020-01-20 20:29:05', '0');
INSERT INTO `card_reprints` VALUES ('13', '59', '205', '2020-01-20 20:29:05', '2020-01-20 20:29:05', '0');
INSERT INTO `card_reprints` VALUES ('14', '59', '222', '2020-01-20 20:29:05', '2020-01-20 20:29:05', '0');
INSERT INTO `card_reprints` VALUES ('15', '59', '241', '2020-01-20 20:29:05', '2020-01-20 20:29:05', '0');
INSERT INTO `card_reprints` VALUES ('16', '63', '252', '2020-01-20 20:29:05', '2020-01-20 20:29:05', '0');
INSERT INTO `card_reprints` VALUES ('17', '63', '269', '2020-01-20 20:29:05', '2020-01-20 20:29:05', '0');
INSERT INTO `card_reprints` VALUES ('18', '63', '286', '2020-01-20 20:29:05', '2020-01-20 20:29:05', '0');
INSERT INTO `card_reprints` VALUES ('19', '63', '254', '2020-01-20 20:29:05', '2020-01-20 20:29:05', '0');
INSERT INTO `card_reprints` VALUES ('20', '63', '271', '2020-01-20 20:29:05', '2020-01-20 20:29:05', '0');
INSERT INTO `card_reprints` VALUES ('21', '63', '288', '2020-01-20 20:29:05', '2020-01-20 20:29:05', '0');
INSERT INTO `card_reprints` VALUES ('22', '68', '110', '2020-01-20 20:29:05', '2020-01-20 20:29:05', '0');
INSERT INTO `card_reprints` VALUES ('23', '68', '119', '2020-01-20 20:29:05', '2020-01-20 20:29:05', '0');
INSERT INTO `card_reprints` VALUES ('24', '68', '133', '2020-01-20 20:29:05', '2020-01-20 20:29:05', '0');
INSERT INTO `card_reprints` VALUES ('25', '68', '149', '2020-01-20 20:29:05', '2020-01-20 20:29:05', '0');
INSERT INTO `card_reprints` VALUES ('26', '68', '163', '2020-01-20 20:29:05', '2020-01-20 20:29:05', '0');
INSERT INTO `card_reprints` VALUES ('27', '68', '179', '2020-01-20 20:29:05', '2020-01-20 20:29:05', '0');
INSERT INTO `card_reprints` VALUES ('28', '68', '197', '2020-01-20 20:29:05', '2020-01-20 20:29:05', '0');
INSERT INTO `card_reprints` VALUES ('29', '68', '205', '2020-01-20 20:29:05', '2020-01-20 20:29:05', '0');
INSERT INTO `card_reprints` VALUES ('30', '68', '214', '2020-01-20 20:29:05', '2020-01-20 20:29:05', '0');
INSERT INTO `card_reprints` VALUES ('31', '68', '222', '2020-01-20 20:29:05', '2020-01-20 20:29:05', '0');
INSERT INTO `card_reprints` VALUES ('32', '68', '233', '2020-01-20 20:29:05', '2020-01-20 20:29:05', '0');
INSERT INTO `card_reprints` VALUES ('33', '68', '241', '2020-01-20 20:29:05', '2020-01-20 20:29:05', '0');
INSERT INTO `card_reprints` VALUES ('34', '68', '252', '2020-01-20 20:29:05', '2020-01-20 20:29:05', '0');
INSERT INTO `card_reprints` VALUES ('35', '68', '257', '2020-01-20 20:29:05', '2020-01-20 20:29:05', '0');
INSERT INTO `card_reprints` VALUES ('36', '68', '269', '2020-01-20 20:29:05', '2020-01-20 20:29:05', '0');
INSERT INTO `card_reprints` VALUES ('37', '68', '274', '2020-01-20 20:29:05', '2020-01-20 20:29:05', '0');
INSERT INTO `card_reprints` VALUES ('38', '68', '286', '2020-01-20 20:29:05', '2020-01-20 20:29:05', '0');
INSERT INTO `card_reprints` VALUES ('39', '68', '112', '2020-01-20 20:29:05', '2020-01-20 20:29:05', '0');
INSERT INTO `card_reprints` VALUES ('40', '68', '121', '2020-01-20 20:29:05', '2020-01-20 20:29:05', '0');
INSERT INTO `card_reprints` VALUES ('41', '68', '135', '2020-01-20 20:29:05', '2020-01-20 20:29:05', '0');
INSERT INTO `card_reprints` VALUES ('42', '68', '151', '2020-01-20 20:29:05', '2020-01-20 20:29:05', '0');
INSERT INTO `card_reprints` VALUES ('43', '68', '165', '2020-01-20 20:29:05', '2020-01-20 20:29:05', '0');
INSERT INTO `card_reprints` VALUES ('44', '68', '181', '2020-01-20 20:29:05', '2020-01-20 20:29:05', '0');
INSERT INTO `card_reprints` VALUES ('45', '68', '199', '2020-01-20 20:29:05', '2020-01-20 20:29:05', '0');
INSERT INTO `card_reprints` VALUES ('46', '68', '216', '2020-01-20 20:29:05', '2020-01-20 20:29:05', '0');
INSERT INTO `card_reprints` VALUES ('47', '68', '235', '2020-01-20 20:29:05', '2020-01-20 20:29:05', '0');
INSERT INTO `card_reprints` VALUES ('48', '68', '254', '2020-01-20 20:29:05', '2020-01-20 20:29:05', '0');
INSERT INTO `card_reprints` VALUES ('49', '68', '271', '2020-01-20 20:29:05', '2020-01-20 20:29:05', '0');
INSERT INTO `card_reprints` VALUES ('50', '68', '288', '2020-01-20 20:29:05', '2020-01-20 20:29:05', '0');
INSERT INTO `card_reprints` VALUES ('51', '72', '257', '2020-01-20 20:29:05', '2020-01-20 20:29:05', '0');
INSERT INTO `card_reprints` VALUES ('52', '72', '274', '2020-01-20 20:29:05', '2020-01-20 20:29:05', '0');
INSERT INTO `card_reprints` VALUES ('53', '72', '291', '2020-01-20 20:29:05', '2020-01-20 20:29:05', '0');
INSERT INTO `card_reprints` VALUES ('54', '76', '358', '2020-01-20 20:29:05', '2020-01-20 20:29:05', '0');
INSERT INTO `card_reprints` VALUES ('55', '76', '374', '2020-01-20 20:29:05', '2020-01-20 20:29:05', '0');
INSERT INTO `card_reprints` VALUES ('56', '76', '391', '2020-01-20 20:29:05', '2020-01-20 20:29:05', '0');
INSERT INTO `card_reprints` VALUES ('57', '76', '360', '2020-01-20 20:29:05', '2020-01-20 20:29:05', '0');
INSERT INTO `card_reprints` VALUES ('58', '76', '376', '2020-01-20 20:29:05', '2020-01-20 20:29:05', '0');
INSERT INTO `card_reprints` VALUES ('59', '76', '393', '2020-01-20 20:29:05', '2020-01-20 20:29:05', '0');
INSERT INTO `card_reprints` VALUES ('60', '84', '361', '2020-01-20 20:29:05', '2020-01-20 20:29:05', '0');
INSERT INTO `card_reprints` VALUES ('61', '84', '382', '2020-01-20 20:29:05', '2020-01-20 20:29:05', '0');
INSERT INTO `card_reprints` VALUES ('62', '84', '396', '2020-01-20 20:29:05', '2020-01-20 20:29:05', '0');
INSERT INTO `card_reprints` VALUES ('63', '88', '410', '2020-01-20 20:29:05', '2020-01-20 20:29:05', '0');
INSERT INTO `card_reprints` VALUES ('64', '88', '427', '2020-01-20 20:29:05', '2020-01-20 20:29:05', '0');
INSERT INTO `card_reprints` VALUES ('65', '88', '444', '2020-01-20 20:29:05', '2020-01-20 20:29:05', '0');
INSERT INTO `card_reprints` VALUES ('66', '88', '412', '2020-01-20 20:29:05', '2020-01-20 20:29:05', '0');
INSERT INTO `card_reprints` VALUES ('67', '88', '429', '2020-01-20 20:29:05', '2020-01-20 20:29:05', '0');
INSERT INTO `card_reprints` VALUES ('68', '88', '446', '2020-01-20 20:29:05', '2020-01-20 20:29:05', '0');
INSERT INTO `card_reprints` VALUES ('69', '96', '415', '2020-01-20 20:29:05', '2020-01-20 20:29:05', '0');
INSERT INTO `card_reprints` VALUES ('70', '96', '432', '2020-01-20 20:29:05', '2020-01-20 20:29:05', '0');
INSERT INTO `card_reprints` VALUES ('71', '96', '449', '2020-01-20 20:29:05', '2020-01-20 20:29:05', '0');
INSERT INTO `card_reprints` VALUES ('72', '100', '463', '2020-01-20 20:29:05', '2020-01-20 20:29:05', '0');
INSERT INTO `card_reprints` VALUES ('73', '100', '480', '2020-01-20 20:29:05', '2020-01-20 20:29:05', '0');
INSERT INTO `card_reprints` VALUES ('74', '100', '497', '2020-01-20 20:29:05', '2020-01-20 20:29:05', '0');
INSERT INTO `card_reprints` VALUES ('75', '100', '465', '2020-01-20 20:29:05', '2020-01-20 20:29:05', '0');
INSERT INTO `card_reprints` VALUES ('76', '100', '482', '2020-01-20 20:29:05', '2020-01-20 20:29:05', '0');
INSERT INTO `card_reprints` VALUES ('77', '100', '499', '2020-01-20 20:29:05', '2020-01-20 20:29:05', '0');
INSERT INTO `card_reprints` VALUES ('78', '108', '468', '2020-01-20 20:29:05', '2020-01-20 20:29:05', '0');
INSERT INTO `card_reprints` VALUES ('79', '108', '485', '2020-01-20 20:29:05', '2020-01-20 20:29:05', '0');
INSERT INTO `card_reprints` VALUES ('80', '108', '502', '2020-01-20 20:29:05', '2020-01-20 20:29:05', '0');
INSERT INTO `card_reprints` VALUES ('81', '112', '475', '2020-01-20 20:29:05', '2020-01-20 20:29:05', '0');
INSERT INTO `card_reprints` VALUES ('82', '112', '492', '2020-01-20 20:29:05', '2020-01-20 20:29:05', '0');
INSERT INTO `card_reprints` VALUES ('83', '112', '509', '2020-01-20 20:29:05', '2020-01-20 20:29:05', '0');

-- ----------------------------
-- Table structure for `characters`
-- ----------------------------
DROP TABLE IF EXISTS `characters`;
CREATE TABLE `characters` (
  `id` int(11) NOT NULL AUTO_INCREMENT COMMENT 'ID',
  `name` varchar(255) DEFAULT NULL COMMENT '名前',
  `created` datetime DEFAULT NULL COMMENT '作成日時',
  `modified` datetime DEFAULT NULL COMMENT '更新日時',
  `delete_flag` char(1) NOT NULL DEFAULT '0' COMMENT '削除フラグ',
  PRIMARY KEY (`id`)
) ENGINE=InnoDB AUTO_INCREMENT=55 DEFAULT CHARSET=utf8 COMMENT='キャラクター';

-- ----------------------------
-- Records of characters
-- ----------------------------
INSERT INTO `characters` VALUES ('1', '天海春香', '2020-01-03 13:00:00', '2020-01-03 13:00:00', '0');
INSERT INTO `characters` VALUES ('2', '如月千早', '2020-01-03 13:00:00', '2020-01-03 13:00:00', '0');
INSERT INTO `characters` VALUES ('3', '星井美希', '2020-01-03 13:00:00', '2020-01-03 13:00:00', '0');
INSERT INTO `characters` VALUES ('4', '萩原雪歩', '2020-01-03 13:00:00', '2020-01-03 13:00:00', '0');
INSERT INTO `characters` VALUES ('5', '高槻やよい', '2020-01-03 13:00:00', '2020-01-03 13:00:00', '0');
INSERT INTO `characters` VALUES ('6', '菊地真', '2020-01-03 13:00:00', '2020-01-03 13:00:00', '0');
INSERT INTO `characters` VALUES ('7', '水瀬伊織', '2020-01-03 13:00:00', '2020-01-03 13:00:00', '0');
INSERT INTO `characters` VALUES ('8', '四条貴音', '2020-01-03 13:00:00', '2020-01-03 13:00:00', '0');
INSERT INTO `characters` VALUES ('9', '秋月律子', '2020-01-03 13:00:00', '2020-01-03 13:00:00', '0');
INSERT INTO `characters` VALUES ('10', '三浦あずさ', '2020-01-03 13:00:00', '2020-01-03 13:00:00', '0');
INSERT INTO `characters` VALUES ('11', '双海亜美', '2020-01-03 13:00:00', '2020-01-03 13:00:00', '0');
INSERT INTO `characters` VALUES ('12', '双海真美', '2020-01-03 13:00:00', '2020-01-03 13:00:00', '0');
INSERT INTO `characters` VALUES ('13', '我那覇響', '2020-01-03 13:00:00', '2020-01-03 13:00:00', '0');
INSERT INTO `characters` VALUES ('14', '春日未来', '2020-01-03 13:00:00', '2020-01-03 13:00:00', '0');
INSERT INTO `characters` VALUES ('15', '最上静香', '2020-01-03 13:00:00', '2020-01-03 13:00:00', '0');
INSERT INTO `characters` VALUES ('16', '伊吹翼', '2020-01-03 13:00:00', '2020-01-03 13:00:00', '0');
INSERT INTO `characters` VALUES ('17', '田中琴葉', '2020-01-03 13:00:00', '2020-01-03 13:00:00', '0');
INSERT INTO `characters` VALUES ('18', '島原エレナ', '2020-01-03 13:00:00', '2020-01-03 13:00:00', '0');
INSERT INTO `characters` VALUES ('19', '佐竹美奈子', '2020-01-03 13:00:00', '2020-01-03 13:00:00', '0');
INSERT INTO `characters` VALUES ('20', '所恵美', '2020-01-03 13:00:00', '2020-01-03 13:00:00', '0');
INSERT INTO `characters` VALUES ('21', '徳川まつり', '2020-01-03 13:00:00', '2020-01-03 13:00:00', '0');
INSERT INTO `characters` VALUES ('22', '箱崎星梨花', '2020-01-03 13:00:00', '2020-01-03 13:00:00', '0');
INSERT INTO `characters` VALUES ('23', '野々原茜', '2020-01-03 13:00:00', '2020-01-03 13:00:00', '0');
INSERT INTO `characters` VALUES ('24', '望月杏奈', '2020-01-03 13:00:00', '2020-01-03 13:00:00', '0');
INSERT INTO `characters` VALUES ('25', 'ロコ', '2020-01-03 13:00:00', '2020-01-03 13:00:00', '0');
INSERT INTO `characters` VALUES ('26', '七尾百合子', '2020-01-03 13:00:00', '2020-01-03 13:00:00', '0');
INSERT INTO `characters` VALUES ('27', '高山紗代子', '2020-01-03 13:00:00', '2020-01-03 13:00:00', '0');
INSERT INTO `characters` VALUES ('28', '松田亜利沙', '2020-01-03 13:00:00', '2020-01-03 13:00:00', '0');
INSERT INTO `characters` VALUES ('29', '高坂海美', '2020-01-03 13:00:00', '2020-01-03 13:00:00', '0');
INSERT INTO `characters` VALUES ('30', '中谷育', '2020-01-03 13:00:00', '2020-01-03 13:00:00', '0');
INSERT INTO `characters` VALUES ('31', '天空橋朋花', '2020-01-03 13:00:00', '2020-01-03 13:00:00', '0');
INSERT INTO `characters` VALUES ('32', 'エミリー', '2020-01-03 13:00:00', '2020-01-03 13:00:00', '0');
INSERT INTO `characters` VALUES ('33', '北沢志保', '2020-01-03 13:00:00', '2020-01-03 13:00:00', '0');
INSERT INTO `characters` VALUES ('34', '舞浜歩', '2020-01-03 13:00:00', '2020-01-03 13:00:00', '0');
INSERT INTO `characters` VALUES ('35', '木下ひなた', '2020-01-03 13:00:00', '2020-01-03 13:00:00', '0');
INSERT INTO `characters` VALUES ('36', '矢吹可奈', '2020-01-03 13:00:00', '2020-01-03 13:00:00', '0');
INSERT INTO `characters` VALUES ('37', '横山奈緒', '2020-01-03 13:00:00', '2020-01-03 13:00:00', '0');
INSERT INTO `characters` VALUES ('38', '二階堂千鶴', '2020-01-03 13:00:00', '2020-01-03 13:00:00', '0');
INSERT INTO `characters` VALUES ('39', '馬場このみ', '2020-01-03 13:00:00', '2020-01-03 13:00:00', '0');
INSERT INTO `characters` VALUES ('40', '大神環', '2020-01-03 13:00:00', '2020-01-03 13:00:00', '0');
INSERT INTO `characters` VALUES ('41', '豊川風花', '2020-01-03 13:00:00', '2020-01-03 13:00:00', '0');
INSERT INTO `characters` VALUES ('42', '宮尾美也', '2020-01-03 13:00:00', '2020-01-03 13:00:00', '0');
INSERT INTO `characters` VALUES ('43', '福田のり子', '2020-01-03 13:00:00', '2020-01-03 13:00:00', '0');
INSERT INTO `characters` VALUES ('44', '真壁瑞希', '2020-01-03 13:00:00', '2020-01-03 13:00:00', '0');
INSERT INTO `characters` VALUES ('45', '篠宮可憐', '2020-01-03 13:00:00', '2020-01-03 13:00:00', '0');
INSERT INTO `characters` VALUES ('46', '百瀬莉緒', '2020-01-03 13:00:00', '2020-01-03 13:00:00', '0');
INSERT INTO `characters` VALUES ('47', '永吉昴', '2020-01-03 13:00:00', '2020-01-03 13:00:00', '0');
INSERT INTO `characters` VALUES ('48', '北上麗花', '2020-01-03 13:00:00', '2020-01-03 13:00:00', '0');
INSERT INTO `characters` VALUES ('49', '周防桃子', '2020-01-03 13:00:00', '2020-01-03 13:00:00', '0');
INSERT INTO `characters` VALUES ('50', 'ジュリア', '2020-01-03 13:00:00', '2020-01-03 13:00:00', '0');
INSERT INTO `characters` VALUES ('51', '白石紬', '2020-01-03 13:00:00', '2020-01-03 13:00:00', '0');
INSERT INTO `characters` VALUES ('52', '桜守歌織', '2020-01-03 13:00:00', '2020-01-03 13:00:00', '0');
INSERT INTO `characters` VALUES ('53', '詩花', '2020-01-03 13:00:00', '2020-01-03 13:00:00', '0');
INSERT INTO `characters` VALUES ('54', '玲音', '2020-01-03 13:00:00', '2020-01-03 13:00:00', '0');

-- ----------------------------
-- Table structure for `gashas`
-- ----------------------------
DROP TABLE IF EXISTS `gashas`;
CREATE TABLE `gashas` (
  `id` int(11) NOT NULL AUTO_INCREMENT COMMENT 'ID',
  `start_date` date DEFAULT NULL COMMENT 'ガシャ開始日',
  `end_date` date DEFAULT NULL COMMENT 'ガシャ終了日',
  `title` varchar(255) DEFAULT NULL COMMENT 'ガシャタイトル',
  `ssr_rate` int(11) DEFAULT NULL COMMENT 'SSRレート',
  `sr_rate` int(11) DEFAULT NULL COMMENT 'SRレート',
  `created` datetime DEFAULT NULL COMMENT '作成日時',
  `modified` datetime DEFAULT NULL COMMENT '更新日時',
  `delete_flag` char(1) NOT NULL DEFAULT '0' COMMENT '削除フラグ',
  PRIMARY KEY (`id`)
) ENGINE=InnoDB AUTO_INCREMENT=120 DEFAULT CHARSET=utf8 COMMENT='ガシャ';

-- ----------------------------
-- Records of gashas
-- ----------------------------
INSERT INTO `gashas` VALUES ('1', '2017-06-29', '2017-07-13', 'ようこそ！プロデューサーさんガシャ', '3', '12', '2020-01-13 21:23:52', '2020-01-13 21:23:52', '0');
INSERT INTO `gashas` VALUES ('2', '2017-07-13', '2017-07-24', '【期間限定】夏だ！海だ！真夏の海水浴ガシャ', '3', '12', '2020-01-13 21:23:52', '2020-01-13 21:23:52', '0');
INSERT INTO `gashas` VALUES ('3', '2017-07-24', '2017-07-31', 'アイドルの日常ガシャ VOL.1', '3', '12', '2020-01-13 21:23:52', '2020-01-13 21:23:52', '0');
INSERT INTO `gashas` VALUES ('4', '2017-07-31', '2017-08-09', '【期間限定】水着でリフレッシュ♪リゾートライブガシャ', '3', '12', '2020-01-13 21:23:52', '2020-01-13 21:23:52', '0');
INSERT INTO `gashas` VALUES ('5', '2017-08-09', '2017-08-22', 'アイドルの日常ガシャ VOL.2', '3', '12', '2020-01-13 21:23:52', '2020-01-13 21:23:52', '0');
INSERT INTO `gashas` VALUES ('6', '2017-08-22', '2017-08-31', 'スプラッシュサマーガシャ', '3', '12', '2020-01-13 21:23:52', '2020-01-13 21:23:52', '0');
INSERT INTO `gashas` VALUES ('7', '2017-08-31', '2017-09-12', '【期間限定】アクアリウムライブガシャ', '3', '12', '2020-01-13 21:23:52', '2020-01-13 21:23:52', '0');
INSERT INTO `gashas` VALUES ('8', '2017-09-12', '2017-09-20', 'マジカルガールガシャ', '3', '12', '2020-01-13 21:23:52', '2020-01-13 21:23:52', '0');
INSERT INTO `gashas` VALUES ('9', '2017-09-20', '2017-09-30', '元気に行進！アイドルマーチングフェスティバルガシャ', '3', '12', '2020-01-13 21:23:52', '2020-01-13 21:23:52', '0');
INSERT INTO `gashas` VALUES ('10', '2017-09-30', '2017-10-11', '【期間限定】トリックオアトリート！ハロウィンタウンガシャ', '3', '12', '2020-01-13 21:23:52', '2020-01-13 21:23:52', '0');
INSERT INTO `gashas` VALUES ('11', '2017-10-11', '2017-10-20', 'メルヘンドリームワールドガシャ', '3', '12', '2020-01-13 21:23:52', '2020-01-13 21:23:52', '0');
INSERT INTO `gashas` VALUES ('12', '2017-10-20', '2017-10-31', 'Let’s プロモーション！CM撮影ガシャ', '3', '12', '2020-01-13 21:23:52', '2020-01-13 21:23:52', '0');
INSERT INTO `gashas` VALUES ('13', '2017-10-24', '2017-10-27', '【タイプ限定】Fairyタイプ限定ガシャ', '3', '12', '2020-01-13 21:23:52', '2020-01-13 21:23:52', '1');
INSERT INTO `gashas` VALUES ('14', '2017-10-31', '2017-11-13', '【期間限定】秋色に染めて♪エンジョイオータムライブガシャ', '3', '12', '2020-01-13 21:23:52', '2020-01-13 21:23:52', '0');
INSERT INTO `gashas` VALUES ('15', '2017-11-13', '2017-11-21', 'アイドルの日常ガシャ VOL.3', '3', '12', '2020-01-13 21:23:52', '2020-01-13 21:23:52', '0');
INSERT INTO `gashas` VALUES ('16', '2017-11-21', '2017-11-30', '魅惑のレースクイーンガシャ', '3', '12', '2020-01-13 21:23:52', '2020-01-13 21:23:52', '0');
INSERT INTO `gashas` VALUES ('17', '2017-11-24', '2017-11-27', '【タイプ限定】Angelタイプ限定ガシャ', '3', '12', '2020-01-13 21:23:52', '2020-01-13 21:23:52', '1');
INSERT INTO `gashas` VALUES ('18', '2017-11-30', '2017-12-13', '【期間限定】みんなで楽しいクリスマスパーティー♪ガシャ', '3', '12', '2020-01-13 21:23:52', '2020-01-13 21:23:52', '0');
INSERT INTO `gashas` VALUES ('19', '2017-12-13', '2017-12-21', '南の島でキャンプガシャ', '3', '12', '2020-01-13 21:23:52', '2020-01-13 21:23:52', '0');
INSERT INTO `gashas` VALUES ('20', '2017-12-21', '2017-12-27', 'ドリーミープラネッツガシャ', '3', '12', '2020-01-13 21:23:52', '2020-01-13 21:23:52', '0');
INSERT INTO `gashas` VALUES ('21', '2017-12-24', '2017-12-27', '【タイプ限定】Princessタイプ限定ガシャ', '3', '12', '2020-01-13 21:23:52', '2020-01-13 21:23:52', '1');
INSERT INTO `gashas` VALUES ('22', '2017-12-27', '2018-12-31', '【フェス限定】ミリオンフェス', '6', '12', '2020-01-13 21:23:52', '2020-01-13 21:23:52', '0');
INSERT INTO `gashas` VALUES ('23', '2017-12-31', '2018-01-15', '【期間限定】新年！初詣ライブガシャ', '3', '12', '2020-01-13 21:23:52', '2020-01-13 21:23:52', '0');
INSERT INTO `gashas` VALUES ('24', '2018-01-15', '2018-01-26', '【期間限定】めざすは女子力UP!ガシャ', '3', '12', '2020-01-13 21:23:52', '2020-01-13 21:23:52', '0');
INSERT INTO `gashas` VALUES ('25', '2018-01-26', '2018-01-31', 'アイドルファッションショーガシャ', '3', '12', '2020-01-13 21:23:52', '2020-01-13 21:23:52', '0');
INSERT INTO `gashas` VALUES ('26', '2018-01-31', '2018-02-11', '【期間限定】スイート♡バレンタインデートガシャ', '3', '12', '2020-01-13 21:23:52', '2020-01-13 21:23:52', '0');
INSERT INTO `gashas` VALUES ('27', '2018-02-11', '2018-02-20', '【期間限定】アイドル雪まつりガシャ', '3', '12', '2020-01-13 21:23:52', '2020-01-13 21:23:52', '0');
INSERT INTO `gashas` VALUES ('28', '2018-02-20', '2018-02-26', 'パジャマでグラビア撮影ガシャ', '3', '12', '2020-01-13 21:23:52', '2020-01-13 21:23:52', '0');
INSERT INTO `gashas` VALUES ('29', '2018-02-26', '2018-02-28', '【限定復刻】限定復刻ガシャ', '3', '12', '2020-01-13 21:23:52', '2020-01-13 21:23:52', '0');
INSERT INTO `gashas` VALUES ('30', '2018-02-28', '2018-03-14', '【期間限定】桃色♪アイドルひなまつりガシャ', '3', '12', '2020-01-13 21:23:52', '2020-01-13 21:23:52', '0');
INSERT INTO `gashas` VALUES ('31', '2018-03-14', '2018-03-23', '【期間限定】ショッピングホリデイガシャ', '3', '12', '2020-01-13 21:23:52', '2020-01-13 21:23:52', '0');
INSERT INTO `gashas` VALUES ('32', '2018-03-23', '2018-03-28', 'クールに決めろ！バトルガールガシャ', '3', '12', '2020-01-13 21:23:52', '2020-01-13 21:23:52', '0');
INSERT INTO `gashas` VALUES ('33', '2018-03-28', '2018-03-31', '【フェス限定】ミリオンフェス', '6', '12', '2020-01-13 21:23:52', '2020-01-13 21:23:52', '0');
INSERT INTO `gashas` VALUES ('34', '2018-03-31', '2018-04-11', '【期間限定】アイドルの日常ガシャ VOL.4', '3', '12', '2020-01-13 21:23:52', '2020-01-13 21:23:52', '0');
INSERT INTO `gashas` VALUES ('35', '2018-04-11', '2018-04-22', '【期間限定】桜満開☆ブルーミングガシャ', '3', '12', '2020-01-13 21:23:52', '2020-01-13 21:23:52', '0');
INSERT INTO `gashas` VALUES ('36', '2018-04-22', '2018-04-30', 'ミリオンスモールワールドガシャ', '3', '12', '2020-01-13 21:23:52', '2020-01-13 21:23:52', '0');
INSERT INTO `gashas` VALUES ('37', '2018-04-30', '2018-05-11', '【期間限定】初夏のお祭りガシャ', '3', '12', '2020-01-13 21:23:52', '2020-01-13 21:23:52', '0');
INSERT INTO `gashas` VALUES ('38', '2018-05-11', '2018-05-22', '【期間限定】グラビアチャレンジガシャ', '3', '12', '2020-01-13 21:23:52', '2020-01-13 21:23:52', '0');
INSERT INTO `gashas` VALUES ('39', '2018-05-22', '2018-05-28', 'アーリーサマーガールガシャ', '3', '12', '2020-01-13 21:23:52', '2020-01-13 21:23:52', '0');
INSERT INTO `gashas` VALUES ('40', '2018-05-28', '2018-05-31', '【限定復刻】限定復刻ガシャ', '3', '12', '2020-01-13 21:23:52', '2020-01-13 21:23:52', '0');
INSERT INTO `gashas` VALUES ('41', '2018-05-31', '2018-06-12', '【期間限定】ハッピーブライダルガシャ', '3', '12', '2020-01-13 21:23:52', '2020-01-13 21:23:52', '0');
INSERT INTO `gashas` VALUES ('42', '2018-06-12', '2018-06-18', '【期間限定】ウェスタンガールガシャ', '3', '12', '2020-01-13 21:23:52', '2020-01-13 21:23:52', '0');
INSERT INTO `gashas` VALUES ('43', '2018-06-18', '2018-06-29', 'キャンペーンガールガシャ', '3', '12', '2020-01-13 21:23:52', '2020-01-13 21:23:52', '0');
INSERT INTO `gashas` VALUES ('44', '2018-06-29', '2018-07-03', '【フェス限定】ミリオンフェス', '6', '12', '2020-01-13 21:23:52', '2020-01-13 21:23:52', '0');
INSERT INTO `gashas` VALUES ('45', '2018-07-03', '2018-07-12', '【期間限定】水着ファッションショーライブガシャ', '3', '12', '2020-01-13 21:23:52', '2020-01-13 21:23:52', '0');
INSERT INTO `gashas` VALUES ('46', '2018-07-12', '2018-07-21', '【期間限定】アイドルファンタジーRPGガシャ', '3', '12', '2020-01-13 21:23:52', '2020-01-13 21:23:52', '0');
INSERT INTO `gashas` VALUES ('47', '2018-07-21', '2018-07-31', 'アイドルの日常ガシャ SPECIAL', '3', '12', '2020-01-13 21:23:52', '2020-01-13 21:23:52', '0');
INSERT INTO `gashas` VALUES ('48', '2018-07-31', '2018-08-14', '【期間限定】ミリオン航海記ガシャ', '3', '12', '2020-01-13 21:23:52', '2020-01-13 21:23:52', '0');
INSERT INTO `gashas` VALUES ('49', '2018-08-14', '2018-08-20', '【期間限定】はりきりキャンペーンガールガシャ', '3', '12', '2020-01-13 21:23:52', '2020-01-13 21:23:52', '0');
INSERT INTO `gashas` VALUES ('50', '2018-08-20', '2018-08-28', 'THE@TER BOOST! 超ビーチバレーガシャ', '3', '12', '2020-01-13 21:23:52', '2020-01-13 21:23:52', '0');
INSERT INTO `gashas` VALUES ('51', '2018-08-28', '2018-08-31', '【限定復刻】限定復刻ガシャ', '3', '12', '2020-01-13 21:23:52', '2020-01-13 21:23:52', '0');
INSERT INTO `gashas` VALUES ('52', '2018-08-31', '2018-09-12', '【期間限定】色とりどりの秋ガシャ', '3', '12', '2020-01-13 21:23:52', '2020-01-13 21:23:52', '0');
INSERT INTO `gashas` VALUES ('53', '2018-09-12', '2018-09-21', '【期間限定】ヒストリーガールガシャ', '3', '12', '2020-01-13 21:23:52', '2020-01-13 21:23:52', '0');
INSERT INTO `gashas` VALUES ('54', '2018-09-21', '2018-09-28', 'THE@TER BOOST! 三姉妹カフェガシャ', '3', '12', '2020-01-13 21:23:52', '2020-01-13 21:23:52', '0');
INSERT INTO `gashas` VALUES ('55', '2018-09-28', '2018-10-02', '【フェス限定】ミリオンフェス', '6', '12', '2020-01-13 21:23:52', '2020-01-13 21:23:52', '0');
INSERT INTO `gashas` VALUES ('56', '2018-10-02', '2018-10-12', '【期間限定】ハロウィンシアターガシャ', '3', '12', '2020-01-13 21:23:52', '2020-01-13 21:23:52', '0');
INSERT INTO `gashas` VALUES ('57', '2018-10-12', '2018-10-22', '【期間限定】もふもふパラダイスガシャ', '3', '12', '2020-01-13 21:23:52', '2020-01-13 21:23:52', '0');
INSERT INTO `gashas` VALUES ('58', '2018-10-22', '2018-10-29', 'THE@TER BOOST! 劇場サスペンスガシャ', '3', '12', '2020-01-13 21:23:52', '2020-01-13 21:23:52', '0');
INSERT INTO `gashas` VALUES ('59', '2018-10-29', '2018-10-31', '【限定復刻】限定復刻ガシャ', '3', '12', '2020-01-13 21:23:52', '2020-01-13 21:23:52', '0');
INSERT INTO `gashas` VALUES ('60', '2018-10-31', '2018-11-13', '【期間限定】フォーチュンガールズガシャ', '3', '12', '2020-01-13 21:23:52', '2020-01-13 21:23:52', '0');
INSERT INTO `gashas` VALUES ('61', '2018-11-13', '2018-11-21', '【期間限定】休日デートガシャ', '3', '12', '2020-01-13 21:23:52', '2020-01-13 21:23:52', '0');
INSERT INTO `gashas` VALUES ('62', '2018-11-21', '2018-11-27', 'オータムウェディングガシャ', '3', '12', '2020-01-13 21:23:52', '2020-01-13 21:23:52', '0');
INSERT INTO `gashas` VALUES ('63', '2018-11-27', '2018-11-30', '【限定復刻】限定復刻ガシャ', '3', '12', '2020-01-13 21:23:52', '2020-01-13 21:23:52', '0');
INSERT INTO `gashas` VALUES ('64', '2018-11-30', '2018-12-12', '【期間限定】ハッピークリスマスパーティーガシャ', '3', '12', '2020-01-13 21:23:52', '2020-01-13 21:23:52', '0');
INSERT INTO `gashas` VALUES ('65', '2018-12-12', '2018-12-19', '【期間限定】冬のお出かけガシャ', '3', '12', '2020-01-13 21:23:52', '2020-01-13 21:23:52', '0');
INSERT INTO `gashas` VALUES ('66', '2018-12-19', '2018-12-25', '氷と雪の世界ガシャ', '3', '12', '2020-01-13 21:23:52', '2020-01-13 21:23:52', '0');
INSERT INTO `gashas` VALUES ('67', '2018-12-25', '2018-12-29', '【フェス限定】ミリオンフェス', '6', '12', '2020-01-13 21:23:52', '2020-01-13 21:23:52', '0');
INSERT INTO `gashas` VALUES ('68', '2018-12-29', '2018-12-31', '【限定復刻】限定復刻スペシャルガシャ', '3', '12', '2020-01-13 21:23:52', '2020-01-13 21:23:52', '0');
INSERT INTO `gashas` VALUES ('69', '2018-12-31', '2019-01-12', '【期間限定】ハッピーニューイヤーライブ！ガシャ', '3', '12', '2020-01-13 21:23:52', '2020-01-13 21:23:52', '0');
INSERT INTO `gashas` VALUES ('70', '2019-01-12', '2019-01-20', '【期間限定】とびきり！キャンペーンガールガシャ', '3', '12', '2020-01-13 21:23:52', '2020-01-13 21:23:52', '0');
INSERT INTO `gashas` VALUES ('71', '2019-01-20', '2019-01-28', '【期間限定】寒さに負けるな♪ガシャ', '3', '12', '2020-01-13 21:23:52', '2020-01-13 21:23:52', '0');
INSERT INTO `gashas` VALUES ('72', '2019-01-28', '2019-01-31', '【限定復刻】限定復刻ガシャ', '3', '12', '2020-01-13 21:23:52', '2020-01-13 21:23:52', '0');
INSERT INTO `gashas` VALUES ('73', '2019-01-31', '2019-02-11', '【期間限定】エンジョイ♪バレンタインライブガシャ', '3', '12', '2020-01-13 21:23:52', '2020-01-13 21:23:52', '0');
INSERT INTO `gashas` VALUES ('74', '2019-02-11', '2019-02-19', '【期間限定】絵本の国のアイドルたちガシャ', '3', '12', '2020-01-13 21:23:52', '2020-01-13 21:23:52', '0');
INSERT INTO `gashas` VALUES ('75', '2019-02-19', '2019-02-25', '【期間限定】ベストを尽くして！ガシャ', '3', '12', '2020-01-13 21:23:52', '2020-01-13 21:23:52', '0');
INSERT INTO `gashas` VALUES ('76', '2019-02-25', '2019-02-28', '【限定復刻】限定復刻ガシャ', '3', '12', '2020-01-13 21:23:52', '2020-01-13 21:23:52', '0');
INSERT INTO `gashas` VALUES ('77', '2019-02-28', '2019-03-11', '【期間限定】ひな祭りガールズライブガシャ', '3', '12', '2020-01-13 21:23:52', '2020-01-13 21:23:52', '0');
INSERT INTO `gashas` VALUES ('78', '2019-03-11', '2019-03-19', '【期間限定】フローリッシュ・スプリングガシャ', '3', '12', '2020-01-13 21:23:52', '2020-01-13 21:23:52', '0');
INSERT INTO `gashas` VALUES ('79', '2019-03-19', '2019-03-29', '【期間限定】星からのメッセージガシャ', '3', '12', '2020-01-13 21:23:52', '2020-01-13 21:23:52', '0');
INSERT INTO `gashas` VALUES ('80', '2019-03-29', '2019-04-02', '【フェス限定】ミリオンフェス', '6', '12', '2020-01-13 21:23:52', '2020-01-13 21:23:52', '0');
INSERT INTO `gashas` VALUES ('81', '2019-04-02', '2019-04-11', '【期間限定】アイドルヒーローズガシャ', '3', '12', '2020-01-13 21:23:52', '2020-01-13 21:23:52', '0');
INSERT INTO `gashas` VALUES ('82', '2019-04-11', '2019-04-19', '【期間限定】とびだせ！アイドル大運動会ガシャ', '3', '12', '2020-01-13 21:23:52', '2020-01-13 21:23:52', '0');
INSERT INTO `gashas` VALUES ('83', '2019-04-19', '2019-04-27', '【期間限定】ハッピーイースターホリデーガシャ', '3', '12', '2020-01-13 21:23:52', '2020-01-13 21:23:52', '0');
INSERT INTO `gashas` VALUES ('84', '2019-04-27', '2019-04-30', '【限定復刻】限定復刻ガシャ', '3', '12', '2020-01-13 21:23:52', '2020-01-13 21:23:52', '0');
INSERT INTO `gashas` VALUES ('85', '2019-04-30', '2019-05-11', '【期間限定】新緑フェスティバルガシャ', '3', '12', '2020-01-13 21:23:52', '2020-01-13 21:23:52', '0');
INSERT INTO `gashas` VALUES ('86', '2019-05-11', '2019-05-20', '【期間限定】煌めく！サーカスショータイムガシャ', '3', '12', '2020-01-13 21:23:52', '2020-01-13 21:23:52', '0');
INSERT INTO `gashas` VALUES ('87', '2019-05-20', '2019-05-28', '【期間限定】ギフト・フォー・ユーガシャ', '3', '12', '2020-01-13 21:23:52', '2020-01-13 21:23:52', '0');
INSERT INTO `gashas` VALUES ('88', '2019-05-28', '2019-05-31', '【限定復刻】限定復刻ガシャ', '3', '12', '2020-01-13 21:23:52', '2020-01-13 21:23:52', '0');
INSERT INTO `gashas` VALUES ('89', '2019-05-31', '2019-06-11', '【期間限定】夢の♡リゾートウェディングガシャ', '3', '12', '2020-01-13 21:23:52', '2020-01-13 21:23:52', '0');
INSERT INTO `gashas` VALUES ('90', '2019-06-11', '2019-06-19', '【期間限定】ワクワク！ミリオン体験祭りガシャ', '3', '12', '2020-01-13 21:23:52', '2020-01-13 21:23:52', '0');
INSERT INTO `gashas` VALUES ('91', '2019-06-19', '2019-06-27', '【期間限定】麗しのレイニー・ブライドガシャ', '3', '12', '2020-01-13 21:23:52', '2020-01-13 21:23:52', '0');
INSERT INTO `gashas` VALUES ('92', '2019-06-27', '2019-07-03', '【フェス限定】ミリオンフェス', '6', '12', '2020-01-13 21:23:52', '2020-01-13 21:23:52', '0');
INSERT INTO `gashas` VALUES ('93', '2019-07-03', '2019-07-14', '【期間限定】弾ける☆スプラッシュシアターライブガシャ', '3', '12', '2020-01-13 21:23:52', '2020-01-13 21:23:52', '0');
INSERT INTO `gashas` VALUES ('94', '2019-07-14', '2019-07-23', '【期間限定】アイドルファンタジーRPG2～100万の孤独と永遠の絆～ガシャ', '3', '12', '2020-01-13 21:23:52', '2020-01-13 21:23:52', '0');
INSERT INTO `gashas` VALUES ('95', '2019-07-23', '2019-07-28', '【期間限定】華麗なるくのいちガシャ', '3', '12', '2020-01-13 21:23:52', '2020-01-13 21:23:52', '0');
INSERT INTO `gashas` VALUES ('96', '2019-07-28', '2019-07-31', '【限定復刻】限定復刻ガシャ', '3', '12', '2020-01-13 21:23:52', '2020-01-13 21:23:52', '0');
INSERT INTO `gashas` VALUES ('97', '2019-07-31', '2019-08-13', '【期間限定】レッツエンジョイ♪真夏の祭典ガシャ', '3', '12', '2020-01-13 21:23:52', '2020-01-13 21:23:52', '0');
INSERT INTO `gashas` VALUES ('98', '2019-08-13', '2019-08-20', '【期間限定】アイドルもののけ草子ガシャ', '3', '12', '2020-01-13 21:23:52', '2020-01-13 21:23:52', '0');
INSERT INTO `gashas` VALUES ('99', '2019-08-20', '2019-08-28', '【期間限定】満開！夏の思い出ガシャ', '3', '12', '2020-01-13 21:23:52', '2020-01-13 21:23:52', '0');
INSERT INTO `gashas` VALUES ('100', '2019-08-28', '2019-08-31', '【限定復刻】限定復刻ガシャ', '3', '12', '2020-01-13 21:23:52', '2020-01-13 21:23:52', '0');
INSERT INTO `gashas` VALUES ('101', '2019-08-31', '2019-09-11', '【期間限定】湯ったり♪秋薫る温泉郷ガシャ', '3', '12', '2020-01-13 21:23:52', '2020-01-13 21:23:52', '0');
INSERT INTO `gashas` VALUES ('102', '2019-09-11', '2019-09-19', '【期間限定】全力投球！スポーツパークガシャ', '3', '12', '2020-01-13 21:23:52', '2020-01-13 21:23:52', '0');
INSERT INTO `gashas` VALUES ('103', '2019-09-19', '2019-09-27', 'THE@TER CHALLENGE!! おとぎの国の物語ガシャ', '3', '12', '2020-01-13 21:23:52', '2020-01-13 21:23:52', '0');
INSERT INTO `gashas` VALUES ('104', '2019-09-27', '2019-10-01', '【フェス限定】ミリオンフェス', '6', '12', '2020-01-13 21:23:52', '2020-01-13 21:23:52', '0');
INSERT INTO `gashas` VALUES ('105', '2019-10-01', '2019-10-12', '【期間限定】ドキドキ♡ハロウィンパーティーガシャ', '3', '12', '2020-01-13 21:23:52', '2020-01-13 21:23:52', '0');
INSERT INTO `gashas` VALUES ('106', '2019-10-12', '2019-10-20', '【期間限定】サムシング・オータムガシャ', '3', '12', '2020-01-13 21:23:52', '2020-01-13 21:23:52', '0');
INSERT INTO `gashas` VALUES ('107', '2019-10-20', '2019-10-28', 'THE@TER CHALLENGE!! 近未来アウトサイダーガシャ', '3', '12', '2020-01-13 21:23:52', '2020-01-13 21:23:52', '0');
INSERT INTO `gashas` VALUES ('108', '2019-10-28', '2019-10-31', '【限定復刻】限定復刻ガシャ', '3', '12', '2020-01-13 21:23:52', '2020-01-13 21:23:52', '0');
INSERT INTO `gashas` VALUES ('109', '2019-10-31', '2019-11-09', '【期間限定】セクシー♡ダンシングフィーバーガシャ', '3', '12', '2020-01-13 21:23:52', '2020-01-13 21:23:52', '0');
INSERT INTO `gashas` VALUES ('110', '2019-11-09', '2019-11-17', '【期間限定】はいから大正浪漫ガシャ', '3', '12', '2020-01-13 21:23:52', '2020-01-13 21:23:52', '0');
INSERT INTO `gashas` VALUES ('111', '2019-11-17', '2019-11-27', '【期間限定】恋するラブリーガールガシャ', '3', '12', '2020-01-13 21:23:52', '2020-01-13 21:23:52', '0');
INSERT INTO `gashas` VALUES ('112', '2019-11-27', '2019-11-30', '【限定復刻】限定復刻ガシャ', '3', '12', '2020-01-13 21:23:52', '2020-01-13 21:23:52', '0');
INSERT INTO `gashas` VALUES ('113', '2019-11-30', '2019-12-09', '【期間限定】カラフル☆ハッピークリスマスガシャ', '3', '12', '2020-01-13 21:23:52', '2020-01-13 21:23:52', '0');
INSERT INTO `gashas` VALUES ('114', '2019-12-09', '2019-12-17', '【期間限定】輝け！アイドル紅白歌祭りガシャ', '3', '12', '2020-01-13 21:23:52', '2020-01-13 21:23:52', '0');
INSERT INTO `gashas` VALUES ('115', '2019-12-17', '2019-12-25', '【期間限定】想いをのせて…ウィンタースノーライブガシャ', '3', '12', '2020-01-13 21:23:52', '2020-01-13 21:23:52', '0');
INSERT INTO `gashas` VALUES ('116', '2019-12-25', '2019-12-31', '【フェス限定】ミリオンフェス', '6', '12', '2020-01-13 21:23:52', '2020-01-13 21:23:52', '0');
INSERT INTO `gashas` VALUES ('117', '2019-12-31', '2020-01-11', '【期間限定】HAPPY！競賀新年ガシャ', '3', '12', '2020-01-13 21:23:52', '2020-01-13 21:23:52', '0');
INSERT INTO `gashas` VALUES ('118', '2020-01-11', '2020-01-20', '【期間限定】元気爆発！お正月特番ガシャ', '3', '12', '2020-01-13 21:23:52', '2020-01-13 21:23:52', '0');
INSERT INTO `gashas` VALUES ('119', '2020-01-20', '2020-01-28', '【期間限定】寒空と微熱ガシャ', '3', '12', '2020-01-13 21:23:52', '2020-01-13 21:23:52', '0');

-- ----------------------------
-- Table structure for `gasha_pickups`
-- ----------------------------
DROP TABLE IF EXISTS `gasha_pickups`;
CREATE TABLE `gasha_pickups` (
  `id` int(11) NOT NULL AUTO_INCREMENT COMMENT 'ID',
  `gasha_id` int(11) DEFAULT NULL COMMENT 'ガシャID',
  `card_id` int(11) DEFAULT NULL COMMENT 'カードID',
  `created` datetime DEFAULT NULL COMMENT '作成日時',
  `modified` datetime DEFAULT NULL COMMENT '更新日時',
  `delete_flag` char(1) NOT NULL DEFAULT '0' COMMENT '削除フラグ',
  PRIMARY KEY (`id`)
) ENGINE=InnoDB AUTO_INCREMENT=427 DEFAULT CHARSET=utf8 COMMENT='ピックアップ情報';

-- ----------------------------
-- Records of gasha_pickups
-- ----------------------------
INSERT INTO `gasha_pickups` VALUES ('1', '2', '110', '2020-01-21 21:38:06', '2020-01-21 21:38:06', '0');
INSERT INTO `gasha_pickups` VALUES ('2', '2', '111', '2020-01-21 21:38:06', '2020-01-21 21:38:06', '0');
INSERT INTO `gasha_pickups` VALUES ('3', '2', '112', '2020-01-21 21:38:06', '2020-01-21 21:38:06', '0');
INSERT INTO `gasha_pickups` VALUES ('4', '3', '116', '2020-01-21 21:38:06', '2020-01-21 21:38:06', '0');
INSERT INTO `gasha_pickups` VALUES ('5', '3', '117', '2020-01-21 21:38:06', '2020-01-21 21:38:06', '0');
INSERT INTO `gasha_pickups` VALUES ('6', '3', '118', '2020-01-21 21:38:06', '2020-01-21 21:38:06', '0');
INSERT INTO `gasha_pickups` VALUES ('7', '4', '119', '2020-01-21 21:38:06', '2020-01-21 21:38:06', '0');
INSERT INTO `gasha_pickups` VALUES ('8', '4', '120', '2020-01-21 21:38:06', '2020-01-21 21:38:06', '0');
INSERT INTO `gasha_pickups` VALUES ('9', '4', '121', '2020-01-21 21:38:06', '2020-01-21 21:38:06', '0');
INSERT INTO `gasha_pickups` VALUES ('10', '5', '122', '2020-01-21 21:38:06', '2020-01-21 21:38:06', '0');
INSERT INTO `gasha_pickups` VALUES ('11', '5', '123', '2020-01-21 21:38:06', '2020-01-21 21:38:06', '0');
INSERT INTO `gasha_pickups` VALUES ('12', '5', '124', '2020-01-21 21:38:06', '2020-01-21 21:38:06', '0');
INSERT INTO `gasha_pickups` VALUES ('13', '6', '127', '2020-01-21 21:38:06', '2020-01-21 21:38:06', '0');
INSERT INTO `gasha_pickups` VALUES ('14', '6', '128', '2020-01-21 21:38:06', '2020-01-21 21:38:06', '0');
INSERT INTO `gasha_pickups` VALUES ('15', '6', '129', '2020-01-21 21:38:06', '2020-01-21 21:38:06', '0');
INSERT INTO `gasha_pickups` VALUES ('16', '7', '133', '2020-01-21 21:38:06', '2020-01-21 21:38:06', '0');
INSERT INTO `gasha_pickups` VALUES ('17', '7', '134', '2020-01-21 21:38:06', '2020-01-21 21:38:06', '0');
INSERT INTO `gasha_pickups` VALUES ('18', '7', '135', '2020-01-21 21:38:06', '2020-01-21 21:38:06', '0');
INSERT INTO `gasha_pickups` VALUES ('19', '8', '138', '2020-01-21 21:38:06', '2020-01-21 21:38:06', '0');
INSERT INTO `gasha_pickups` VALUES ('20', '8', '139', '2020-01-21 21:38:06', '2020-01-21 21:38:06', '0');
INSERT INTO `gasha_pickups` VALUES ('21', '8', '140', '2020-01-21 21:38:06', '2020-01-21 21:38:06', '0');
INSERT INTO `gasha_pickups` VALUES ('22', '9', '141', '2020-01-21 21:38:06', '2020-01-21 21:38:06', '0');
INSERT INTO `gasha_pickups` VALUES ('23', '9', '142', '2020-01-21 21:38:06', '2020-01-21 21:38:06', '0');
INSERT INTO `gasha_pickups` VALUES ('24', '9', '143', '2020-01-21 21:38:06', '2020-01-21 21:38:06', '0');
INSERT INTO `gasha_pickups` VALUES ('25', '10', '149', '2020-01-21 21:38:06', '2020-01-21 21:38:06', '0');
INSERT INTO `gasha_pickups` VALUES ('26', '10', '150', '2020-01-21 21:38:06', '2020-01-21 21:38:06', '0');
INSERT INTO `gasha_pickups` VALUES ('27', '10', '151', '2020-01-21 21:38:06', '2020-01-21 21:38:06', '0');
INSERT INTO `gasha_pickups` VALUES ('28', '11', '152', '2020-01-21 21:38:06', '2020-01-21 21:38:06', '0');
INSERT INTO `gasha_pickups` VALUES ('29', '11', '153', '2020-01-21 21:38:06', '2020-01-21 21:38:06', '0');
INSERT INTO `gasha_pickups` VALUES ('30', '11', '154', '2020-01-21 21:38:06', '2020-01-21 21:38:06', '0');
INSERT INTO `gasha_pickups` VALUES ('31', '12', '160', '2020-01-21 21:38:06', '2020-01-21 21:38:06', '0');
INSERT INTO `gasha_pickups` VALUES ('32', '12', '161', '2020-01-21 21:38:06', '2020-01-21 21:38:06', '0');
INSERT INTO `gasha_pickups` VALUES ('33', '12', '162', '2020-01-21 21:38:06', '2020-01-21 21:38:06', '0');
INSERT INTO `gasha_pickups` VALUES ('34', '14', '163', '2020-01-21 21:38:06', '2020-01-21 21:38:06', '0');
INSERT INTO `gasha_pickups` VALUES ('35', '14', '164', '2020-01-21 21:38:06', '2020-01-21 21:38:06', '0');
INSERT INTO `gasha_pickups` VALUES ('36', '14', '165', '2020-01-21 21:38:06', '2020-01-21 21:38:06', '0');
INSERT INTO `gasha_pickups` VALUES ('37', '15', '171', '2020-01-21 21:38:06', '2020-01-21 21:38:06', '0');
INSERT INTO `gasha_pickups` VALUES ('38', '15', '172', '2020-01-21 21:38:06', '2020-01-21 21:38:06', '0');
INSERT INTO `gasha_pickups` VALUES ('39', '15', '173', '2020-01-21 21:38:06', '2020-01-21 21:38:06', '0');
INSERT INTO `gasha_pickups` VALUES ('40', '16', '174', '2020-01-21 21:38:06', '2020-01-21 21:38:06', '0');
INSERT INTO `gasha_pickups` VALUES ('41', '16', '175', '2020-01-21 21:38:06', '2020-01-21 21:38:06', '0');
INSERT INTO `gasha_pickups` VALUES ('42', '16', '176', '2020-01-21 21:38:06', '2020-01-21 21:38:06', '0');
INSERT INTO `gasha_pickups` VALUES ('43', '18', '179', '2020-01-21 21:38:06', '2020-01-21 21:38:06', '0');
INSERT INTO `gasha_pickups` VALUES ('44', '18', '180', '2020-01-21 21:38:06', '2020-01-21 21:38:06', '0');
INSERT INTO `gasha_pickups` VALUES ('45', '18', '181', '2020-01-21 21:38:06', '2020-01-21 21:38:06', '0');
INSERT INTO `gasha_pickups` VALUES ('46', '19', '184', '2020-01-21 21:38:06', '2020-01-21 21:38:06', '0');
INSERT INTO `gasha_pickups` VALUES ('47', '19', '185', '2020-01-21 21:38:06', '2020-01-21 21:38:06', '0');
INSERT INTO `gasha_pickups` VALUES ('48', '19', '186', '2020-01-21 21:38:06', '2020-01-21 21:38:06', '0');
INSERT INTO `gasha_pickups` VALUES ('49', '19', '189', '2020-01-21 21:38:06', '2020-01-21 21:38:06', '0');
INSERT INTO `gasha_pickups` VALUES ('50', '20', '190', '2020-01-21 21:38:06', '2020-01-21 21:38:06', '0');
INSERT INTO `gasha_pickups` VALUES ('51', '20', '191', '2020-01-21 21:38:06', '2020-01-21 21:38:06', '0');
INSERT INTO `gasha_pickups` VALUES ('52', '20', '192', '2020-01-21 21:38:06', '2020-01-21 21:38:06', '0');
INSERT INTO `gasha_pickups` VALUES ('53', '22', '195', '2020-01-21 21:38:06', '2020-01-21 21:38:06', '0');
INSERT INTO `gasha_pickups` VALUES ('54', '22', '196', '2020-01-21 21:38:06', '2020-01-21 21:38:06', '0');
INSERT INTO `gasha_pickups` VALUES ('55', '23', '197', '2020-01-21 21:38:06', '2020-01-21 21:38:06', '0');
INSERT INTO `gasha_pickups` VALUES ('56', '23', '198', '2020-01-21 21:38:06', '2020-01-21 21:38:06', '0');
INSERT INTO `gasha_pickups` VALUES ('57', '23', '199', '2020-01-21 21:38:06', '2020-01-21 21:38:06', '0');
INSERT INTO `gasha_pickups` VALUES ('58', '24', '205', '2020-01-21 21:38:06', '2020-01-21 21:38:06', '0');
INSERT INTO `gasha_pickups` VALUES ('59', '24', '206', '2020-01-21 21:38:06', '2020-01-21 21:38:06', '0');
INSERT INTO `gasha_pickups` VALUES ('60', '24', '207', '2020-01-21 21:38:06', '2020-01-21 21:38:06', '0');
INSERT INTO `gasha_pickups` VALUES ('61', '24', '208', '2020-01-21 21:38:06', '2020-01-21 21:38:06', '0');
INSERT INTO `gasha_pickups` VALUES ('62', '25', '211', '2020-01-21 21:38:06', '2020-01-21 21:38:06', '0');
INSERT INTO `gasha_pickups` VALUES ('63', '25', '212', '2020-01-21 21:38:06', '2020-01-21 21:38:06', '0');
INSERT INTO `gasha_pickups` VALUES ('64', '25', '213', '2020-01-21 21:38:06', '2020-01-21 21:38:06', '0');
INSERT INTO `gasha_pickups` VALUES ('65', '26', '214', '2020-01-21 21:38:06', '2020-01-21 21:38:06', '0');
INSERT INTO `gasha_pickups` VALUES ('66', '26', '215', '2020-01-21 21:38:06', '2020-01-21 21:38:06', '0');
INSERT INTO `gasha_pickups` VALUES ('67', '26', '216', '2020-01-21 21:38:06', '2020-01-21 21:38:06', '0');
INSERT INTO `gasha_pickups` VALUES ('68', '27', '222', '2020-01-21 21:38:06', '2020-01-21 21:38:06', '0');
INSERT INTO `gasha_pickups` VALUES ('69', '27', '223', '2020-01-21 21:38:06', '2020-01-21 21:38:06', '0');
INSERT INTO `gasha_pickups` VALUES ('70', '27', '224', '2020-01-21 21:38:06', '2020-01-21 21:38:06', '0');
INSERT INTO `gasha_pickups` VALUES ('71', '27', '225', '2020-01-21 21:38:06', '2020-01-21 21:38:06', '0');
INSERT INTO `gasha_pickups` VALUES ('72', '27', '226', '2020-01-21 21:38:06', '2020-01-21 21:38:06', '0');
INSERT INTO `gasha_pickups` VALUES ('73', '27', '227', '2020-01-21 21:38:06', '2020-01-21 21:38:06', '0');
INSERT INTO `gasha_pickups` VALUES ('74', '28', '230', '2020-01-21 21:38:06', '2020-01-21 21:38:06', '0');
INSERT INTO `gasha_pickups` VALUES ('75', '28', '231', '2020-01-21 21:38:06', '2020-01-21 21:38:06', '0');
INSERT INTO `gasha_pickups` VALUES ('76', '28', '232', '2020-01-21 21:38:06', '2020-01-21 21:38:06', '0');
INSERT INTO `gasha_pickups` VALUES ('77', '30', '233', '2020-01-21 21:38:06', '2020-01-21 21:38:06', '0');
INSERT INTO `gasha_pickups` VALUES ('78', '30', '234', '2020-01-21 21:38:06', '2020-01-21 21:38:06', '0');
INSERT INTO `gasha_pickups` VALUES ('79', '30', '235', '2020-01-21 21:38:06', '2020-01-21 21:38:06', '0');
INSERT INTO `gasha_pickups` VALUES ('80', '31', '241', '2020-01-21 21:38:06', '2020-01-21 21:38:06', '0');
INSERT INTO `gasha_pickups` VALUES ('81', '31', '242', '2020-01-21 21:38:06', '2020-01-21 21:38:06', '0');
INSERT INTO `gasha_pickups` VALUES ('82', '31', '243', '2020-01-21 21:38:06', '2020-01-21 21:38:06', '0');
INSERT INTO `gasha_pickups` VALUES ('83', '31', '244', '2020-01-21 21:38:06', '2020-01-21 21:38:06', '0');
INSERT INTO `gasha_pickups` VALUES ('84', '32', '247', '2020-01-21 21:38:06', '2020-01-21 21:38:06', '0');
INSERT INTO `gasha_pickups` VALUES ('85', '32', '248', '2020-01-21 21:38:06', '2020-01-21 21:38:06', '0');
INSERT INTO `gasha_pickups` VALUES ('86', '32', '249', '2020-01-21 21:38:06', '2020-01-21 21:38:06', '0');
INSERT INTO `gasha_pickups` VALUES ('87', '33', '250', '2020-01-21 21:38:06', '2020-01-21 21:38:06', '0');
INSERT INTO `gasha_pickups` VALUES ('88', '33', '251', '2020-01-21 21:38:06', '2020-01-21 21:38:06', '0');
INSERT INTO `gasha_pickups` VALUES ('89', '34', '252', '2020-01-21 21:38:06', '2020-01-21 21:38:06', '0');
INSERT INTO `gasha_pickups` VALUES ('90', '34', '253', '2020-01-21 21:38:06', '2020-01-21 21:38:06', '0');
INSERT INTO `gasha_pickups` VALUES ('91', '34', '254', '2020-01-21 21:38:06', '2020-01-21 21:38:06', '0');
INSERT INTO `gasha_pickups` VALUES ('92', '35', '257', '2020-01-21 21:38:06', '2020-01-21 21:38:06', '0');
INSERT INTO `gasha_pickups` VALUES ('93', '35', '258', '2020-01-21 21:38:06', '2020-01-21 21:38:06', '0');
INSERT INTO `gasha_pickups` VALUES ('94', '35', '259', '2020-01-21 21:38:06', '2020-01-21 21:38:06', '0');
INSERT INTO `gasha_pickups` VALUES ('95', '35', '260', '2020-01-21 21:38:06', '2020-01-21 21:38:06', '0');
INSERT INTO `gasha_pickups` VALUES ('96', '36', '266', '2020-01-21 21:38:06', '2020-01-21 21:38:06', '0');
INSERT INTO `gasha_pickups` VALUES ('97', '36', '267', '2020-01-21 21:38:06', '2020-01-21 21:38:06', '0');
INSERT INTO `gasha_pickups` VALUES ('98', '36', '268', '2020-01-21 21:38:06', '2020-01-21 21:38:06', '0');
INSERT INTO `gasha_pickups` VALUES ('99', '37', '269', '2020-01-21 21:38:06', '2020-01-21 21:38:06', '0');
INSERT INTO `gasha_pickups` VALUES ('100', '37', '270', '2020-01-21 21:38:06', '2020-01-21 21:38:06', '0');
INSERT INTO `gasha_pickups` VALUES ('101', '37', '271', '2020-01-21 21:38:06', '2020-01-21 21:38:06', '0');
INSERT INTO `gasha_pickups` VALUES ('102', '38', '274', '2020-01-21 21:38:06', '2020-01-21 21:38:06', '0');
INSERT INTO `gasha_pickups` VALUES ('103', '38', '275', '2020-01-21 21:38:06', '2020-01-21 21:38:06', '0');
INSERT INTO `gasha_pickups` VALUES ('104', '38', '276', '2020-01-21 21:38:06', '2020-01-21 21:38:06', '0');
INSERT INTO `gasha_pickups` VALUES ('105', '38', '277', '2020-01-21 21:38:06', '2020-01-21 21:38:06', '0');
INSERT INTO `gasha_pickups` VALUES ('106', '39', '283', '2020-01-21 21:38:06', '2020-01-21 21:38:06', '0');
INSERT INTO `gasha_pickups` VALUES ('107', '39', '284', '2020-01-21 21:38:06', '2020-01-21 21:38:06', '0');
INSERT INTO `gasha_pickups` VALUES ('108', '39', '285', '2020-01-21 21:38:06', '2020-01-21 21:38:06', '0');
INSERT INTO `gasha_pickups` VALUES ('109', '41', '286', '2020-01-21 21:38:06', '2020-01-21 21:38:06', '0');
INSERT INTO `gasha_pickups` VALUES ('110', '41', '287', '2020-01-21 21:38:06', '2020-01-21 21:38:06', '0');
INSERT INTO `gasha_pickups` VALUES ('111', '41', '288', '2020-01-21 21:38:06', '2020-01-21 21:38:06', '0');
INSERT INTO `gasha_pickups` VALUES ('112', '42', '291', '2020-01-21 21:38:06', '2020-01-21 21:38:06', '0');
INSERT INTO `gasha_pickups` VALUES ('113', '42', '292', '2020-01-21 21:38:06', '2020-01-21 21:38:06', '0');
INSERT INTO `gasha_pickups` VALUES ('114', '42', '293', '2020-01-21 21:38:06', '2020-01-21 21:38:06', '0');
INSERT INTO `gasha_pickups` VALUES ('115', '42', '294', '2020-01-21 21:38:06', '2020-01-21 21:38:06', '0');
INSERT INTO `gasha_pickups` VALUES ('116', '43', '298', '2020-01-21 21:38:06', '2020-01-21 21:38:06', '0');
INSERT INTO `gasha_pickups` VALUES ('117', '43', '299', '2020-01-21 21:38:06', '2020-01-21 21:38:06', '0');
INSERT INTO `gasha_pickups` VALUES ('118', '43', '300', '2020-01-21 21:38:06', '2020-01-21 21:38:06', '0');
INSERT INTO `gasha_pickups` VALUES ('119', '44', '355', '2020-01-21 21:38:06', '2020-01-21 21:38:06', '0');
INSERT INTO `gasha_pickups` VALUES ('120', '44', '356', '2020-01-21 21:38:06', '2020-01-21 21:38:06', '0');
INSERT INTO `gasha_pickups` VALUES ('121', '44', '357', '2020-01-21 21:38:06', '2020-01-21 21:38:06', '0');
INSERT INTO `gasha_pickups` VALUES ('122', '45', '358', '2020-01-21 21:38:06', '2020-01-21 21:38:06', '0');
INSERT INTO `gasha_pickups` VALUES ('123', '45', '359', '2020-01-21 21:38:06', '2020-01-21 21:38:06', '0');
INSERT INTO `gasha_pickups` VALUES ('124', '45', '360', '2020-01-21 21:38:06', '2020-01-21 21:38:06', '0');
INSERT INTO `gasha_pickups` VALUES ('125', '46', '361', '2020-01-21 21:38:06', '2020-01-21 21:38:06', '0');
INSERT INTO `gasha_pickups` VALUES ('126', '46', '362', '2020-01-21 21:38:06', '2020-01-21 21:38:06', '0');
INSERT INTO `gasha_pickups` VALUES ('127', '46', '363', '2020-01-21 21:38:06', '2020-01-21 21:38:06', '0');
INSERT INTO `gasha_pickups` VALUES ('128', '46', '364', '2020-01-21 21:38:06', '2020-01-21 21:38:06', '0');
INSERT INTO `gasha_pickups` VALUES ('129', '47', '368', '2020-01-21 21:38:06', '2020-01-21 21:38:06', '0');
INSERT INTO `gasha_pickups` VALUES ('130', '47', '369', '2020-01-21 21:38:06', '2020-01-21 21:38:06', '0');
INSERT INTO `gasha_pickups` VALUES ('131', '47', '370', '2020-01-21 21:38:06', '2020-01-21 21:38:06', '0');
INSERT INTO `gasha_pickups` VALUES ('132', '48', '374', '2020-01-21 21:38:06', '2020-01-21 21:38:06', '0');
INSERT INTO `gasha_pickups` VALUES ('133', '48', '375', '2020-01-21 21:38:06', '2020-01-21 21:38:06', '0');
INSERT INTO `gasha_pickups` VALUES ('134', '48', '376', '2020-01-21 21:38:06', '2020-01-21 21:38:06', '0');
INSERT INTO `gasha_pickups` VALUES ('135', '49', '382', '2020-01-21 21:38:06', '2020-01-21 21:38:06', '0');
INSERT INTO `gasha_pickups` VALUES ('136', '49', '383', '2020-01-21 21:38:06', '2020-01-21 21:38:06', '0');
INSERT INTO `gasha_pickups` VALUES ('137', '49', '384', '2020-01-21 21:38:06', '2020-01-21 21:38:06', '0');
INSERT INTO `gasha_pickups` VALUES ('138', '49', '385', '2020-01-21 21:38:06', '2020-01-21 21:38:06', '0');
INSERT INTO `gasha_pickups` VALUES ('139', '50', '386', '2020-01-21 21:38:06', '2020-01-21 21:38:06', '0');
INSERT INTO `gasha_pickups` VALUES ('140', '50', '387', '2020-01-21 21:38:06', '2020-01-21 21:38:06', '0');
INSERT INTO `gasha_pickups` VALUES ('141', '50', '388', '2020-01-21 21:38:06', '2020-01-21 21:38:06', '0');
INSERT INTO `gasha_pickups` VALUES ('142', '52', '391', '2020-01-21 21:38:06', '2020-01-21 21:38:06', '0');
INSERT INTO `gasha_pickups` VALUES ('143', '52', '392', '2020-01-21 21:38:06', '2020-01-21 21:38:06', '0');
INSERT INTO `gasha_pickups` VALUES ('144', '52', '393', '2020-01-21 21:38:06', '2020-01-21 21:38:06', '0');
INSERT INTO `gasha_pickups` VALUES ('145', '53', '396', '2020-01-21 21:38:06', '2020-01-21 21:38:06', '0');
INSERT INTO `gasha_pickups` VALUES ('146', '53', '397', '2020-01-21 21:38:06', '2020-01-21 21:38:06', '0');
INSERT INTO `gasha_pickups` VALUES ('147', '53', '398', '2020-01-21 21:38:06', '2020-01-21 21:38:06', '0');
INSERT INTO `gasha_pickups` VALUES ('148', '53', '399', '2020-01-21 21:38:06', '2020-01-21 21:38:06', '0');
INSERT INTO `gasha_pickups` VALUES ('149', '53', '402', '2020-01-21 21:38:06', '2020-01-21 21:38:06', '0');
INSERT INTO `gasha_pickups` VALUES ('150', '54', '403', '2020-01-21 21:38:06', '2020-01-21 21:38:06', '0');
INSERT INTO `gasha_pickups` VALUES ('151', '54', '404', '2020-01-21 21:38:06', '2020-01-21 21:38:06', '0');
INSERT INTO `gasha_pickups` VALUES ('152', '54', '405', '2020-01-21 21:38:06', '2020-01-21 21:38:06', '0');
INSERT INTO `gasha_pickups` VALUES ('153', '55', '408', '2020-01-21 21:38:06', '2020-01-21 21:38:06', '0');
INSERT INTO `gasha_pickups` VALUES ('154', '55', '409', '2020-01-21 21:38:06', '2020-01-21 21:38:06', '0');
INSERT INTO `gasha_pickups` VALUES ('155', '56', '410', '2020-01-21 21:38:06', '2020-01-21 21:38:06', '0');
INSERT INTO `gasha_pickups` VALUES ('156', '56', '411', '2020-01-21 21:38:06', '2020-01-21 21:38:06', '0');
INSERT INTO `gasha_pickups` VALUES ('157', '56', '412', '2020-01-21 21:38:06', '2020-01-21 21:38:06', '0');
INSERT INTO `gasha_pickups` VALUES ('158', '57', '415', '2020-01-21 21:38:06', '2020-01-21 21:38:06', '0');
INSERT INTO `gasha_pickups` VALUES ('159', '57', '416', '2020-01-21 21:38:06', '2020-01-21 21:38:06', '0');
INSERT INTO `gasha_pickups` VALUES ('160', '57', '417', '2020-01-21 21:38:06', '2020-01-21 21:38:06', '0');
INSERT INTO `gasha_pickups` VALUES ('161', '57', '418', '2020-01-21 21:38:06', '2020-01-21 21:38:06', '0');
INSERT INTO `gasha_pickups` VALUES ('162', '58', '422', '2020-01-21 21:38:06', '2020-01-21 21:38:06', '0');
INSERT INTO `gasha_pickups` VALUES ('163', '58', '423', '2020-01-21 21:38:06', '2020-01-21 21:38:06', '0');
INSERT INTO `gasha_pickups` VALUES ('164', '58', '424', '2020-01-21 21:38:06', '2020-01-21 21:38:06', '0');
INSERT INTO `gasha_pickups` VALUES ('165', '60', '427', '2020-01-21 21:38:06', '2020-01-21 21:38:06', '0');
INSERT INTO `gasha_pickups` VALUES ('166', '60', '428', '2020-01-21 21:38:06', '2020-01-21 21:38:06', '0');
INSERT INTO `gasha_pickups` VALUES ('167', '60', '429', '2020-01-21 21:38:06', '2020-01-21 21:38:06', '0');
INSERT INTO `gasha_pickups` VALUES ('168', '61', '432', '2020-01-21 21:38:06', '2020-01-21 21:38:06', '0');
INSERT INTO `gasha_pickups` VALUES ('169', '61', '433', '2020-01-21 21:38:06', '2020-01-21 21:38:06', '0');
INSERT INTO `gasha_pickups` VALUES ('170', '61', '434', '2020-01-21 21:38:06', '2020-01-21 21:38:06', '0');
INSERT INTO `gasha_pickups` VALUES ('171', '61', '435', '2020-01-21 21:38:06', '2020-01-21 21:38:06', '0');
INSERT INTO `gasha_pickups` VALUES ('172', '62', '439', '2020-01-21 21:38:06', '2020-01-21 21:38:06', '0');
INSERT INTO `gasha_pickups` VALUES ('173', '62', '440', '2020-01-21 21:38:06', '2020-01-21 21:38:06', '0');
INSERT INTO `gasha_pickups` VALUES ('174', '62', '441', '2020-01-21 21:38:06', '2020-01-21 21:38:06', '0');
INSERT INTO `gasha_pickups` VALUES ('175', '64', '444', '2020-01-21 21:38:06', '2020-01-21 21:38:06', '0');
INSERT INTO `gasha_pickups` VALUES ('176', '64', '445', '2020-01-21 21:38:06', '2020-01-21 21:38:06', '0');
INSERT INTO `gasha_pickups` VALUES ('177', '64', '446', '2020-01-21 21:38:06', '2020-01-21 21:38:06', '0');
INSERT INTO `gasha_pickups` VALUES ('178', '65', '449', '2020-01-21 21:38:06', '2020-01-21 21:38:06', '0');
INSERT INTO `gasha_pickups` VALUES ('179', '65', '450', '2020-01-21 21:38:06', '2020-01-21 21:38:06', '0');
INSERT INTO `gasha_pickups` VALUES ('180', '65', '451', '2020-01-21 21:38:06', '2020-01-21 21:38:06', '0');
INSERT INTO `gasha_pickups` VALUES ('181', '65', '452', '2020-01-21 21:38:06', '2020-01-21 21:38:06', '0');
INSERT INTO `gasha_pickups` VALUES ('182', '66', '456', '2020-01-21 21:38:06', '2020-01-21 21:38:06', '0');
INSERT INTO `gasha_pickups` VALUES ('183', '66', '457', '2020-01-21 21:38:06', '2020-01-21 21:38:06', '0');
INSERT INTO `gasha_pickups` VALUES ('184', '66', '458', '2020-01-21 21:38:06', '2020-01-21 21:38:06', '0');
INSERT INTO `gasha_pickups` VALUES ('185', '67', '461', '2020-01-21 21:38:06', '2020-01-21 21:38:06', '0');
INSERT INTO `gasha_pickups` VALUES ('186', '67', '462', '2020-01-21 21:38:06', '2020-01-21 21:38:06', '0');
INSERT INTO `gasha_pickups` VALUES ('187', '69', '463', '2020-01-21 21:38:06', '2020-01-21 21:38:06', '0');
INSERT INTO `gasha_pickups` VALUES ('188', '69', '464', '2020-01-21 21:38:06', '2020-01-21 21:38:06', '0');
INSERT INTO `gasha_pickups` VALUES ('189', '69', '465', '2020-01-21 21:38:06', '2020-01-21 21:38:06', '0');
INSERT INTO `gasha_pickups` VALUES ('190', '70', '468', '2020-01-21 21:38:06', '2020-01-21 21:38:06', '0');
INSERT INTO `gasha_pickups` VALUES ('191', '70', '469', '2020-01-21 21:38:06', '2020-01-21 21:38:06', '0');
INSERT INTO `gasha_pickups` VALUES ('192', '70', '470', '2020-01-21 21:38:06', '2020-01-21 21:38:06', '0');
INSERT INTO `gasha_pickups` VALUES ('193', '70', '471', '2020-01-21 21:38:06', '2020-01-21 21:38:06', '0');
INSERT INTO `gasha_pickups` VALUES ('194', '71', '475', '2020-01-21 21:38:06', '2020-01-21 21:38:06', '0');
INSERT INTO `gasha_pickups` VALUES ('195', '71', '476', '2020-01-21 21:38:06', '2020-01-21 21:38:06', '0');
INSERT INTO `gasha_pickups` VALUES ('196', '71', '477', '2020-01-21 21:38:06', '2020-01-21 21:38:06', '0');
INSERT INTO `gasha_pickups` VALUES ('197', '73', '480', '2020-01-21 21:38:06', '2020-01-21 21:38:06', '0');
INSERT INTO `gasha_pickups` VALUES ('198', '73', '481', '2020-01-21 21:38:06', '2020-01-21 21:38:06', '0');
INSERT INTO `gasha_pickups` VALUES ('199', '73', '482', '2020-01-21 21:38:06', '2020-01-21 21:38:06', '0');
INSERT INTO `gasha_pickups` VALUES ('200', '74', '485', '2020-01-21 21:38:06', '2020-01-21 21:38:06', '0');
INSERT INTO `gasha_pickups` VALUES ('201', '74', '486', '2020-01-21 21:38:06', '2020-01-21 21:38:06', '0');
INSERT INTO `gasha_pickups` VALUES ('202', '74', '487', '2020-01-21 21:38:06', '2020-01-21 21:38:06', '0');
INSERT INTO `gasha_pickups` VALUES ('203', '74', '488', '2020-01-21 21:38:06', '2020-01-21 21:38:06', '0');
INSERT INTO `gasha_pickups` VALUES ('204', '75', '492', '2020-01-21 21:38:06', '2020-01-21 21:38:06', '0');
INSERT INTO `gasha_pickups` VALUES ('205', '75', '493', '2020-01-21 21:38:06', '2020-01-21 21:38:06', '0');
INSERT INTO `gasha_pickups` VALUES ('206', '75', '494', '2020-01-21 21:38:06', '2020-01-21 21:38:06', '0');
INSERT INTO `gasha_pickups` VALUES ('207', '77', '497', '2020-01-21 21:38:06', '2020-01-21 21:38:06', '0');
INSERT INTO `gasha_pickups` VALUES ('208', '77', '498', '2020-01-21 21:38:06', '2020-01-21 21:38:06', '0');
INSERT INTO `gasha_pickups` VALUES ('209', '77', '499', '2020-01-21 21:38:06', '2020-01-21 21:38:06', '0');
INSERT INTO `gasha_pickups` VALUES ('210', '78', '502', '2020-01-21 21:38:06', '2020-01-21 21:38:06', '0');
INSERT INTO `gasha_pickups` VALUES ('211', '78', '503', '2020-01-21 21:38:06', '2020-01-21 21:38:06', '0');
INSERT INTO `gasha_pickups` VALUES ('212', '78', '504', '2020-01-21 21:38:06', '2020-01-21 21:38:06', '0');
INSERT INTO `gasha_pickups` VALUES ('213', '78', '505', '2020-01-21 21:38:06', '2020-01-21 21:38:06', '0');
INSERT INTO `gasha_pickups` VALUES ('214', '79', '509', '2020-01-21 21:38:06', '2020-01-21 21:38:06', '0');
INSERT INTO `gasha_pickups` VALUES ('215', '79', '510', '2020-01-21 21:38:06', '2020-01-21 21:38:06', '0');
INSERT INTO `gasha_pickups` VALUES ('216', '79', '511', '2020-01-21 21:38:06', '2020-01-21 21:38:06', '0');
INSERT INTO `gasha_pickups` VALUES ('217', '80', '514', '2020-01-21 21:38:06', '2020-01-21 21:38:06', '0');
INSERT INTO `gasha_pickups` VALUES ('218', '80', '515', '2020-01-21 21:38:06', '2020-01-21 21:38:06', '0');
INSERT INTO `gasha_pickups` VALUES ('219', '80', '516', '2020-01-21 21:38:06', '2020-01-21 21:38:06', '0');
INSERT INTO `gasha_pickups` VALUES ('220', '81', '519', '2020-01-21 21:38:06', '2020-01-21 21:38:06', '0');
INSERT INTO `gasha_pickups` VALUES ('221', '81', '520', '2020-01-21 21:38:06', '2020-01-21 21:38:06', '0');
INSERT INTO `gasha_pickups` VALUES ('222', '81', '521', '2020-01-21 21:38:06', '2020-01-21 21:38:06', '0');
INSERT INTO `gasha_pickups` VALUES ('223', '81', '522', '2020-01-21 21:38:06', '2020-01-21 21:38:06', '0');
INSERT INTO `gasha_pickups` VALUES ('224', '81', '523', '2020-01-21 21:38:06', '2020-01-21 21:38:06', '0');
INSERT INTO `gasha_pickups` VALUES ('225', '82', '526', '2020-01-21 21:38:06', '2020-01-21 21:38:06', '0');
INSERT INTO `gasha_pickups` VALUES ('226', '82', '527', '2020-01-21 21:38:06', '2020-01-21 21:38:06', '0');
INSERT INTO `gasha_pickups` VALUES ('227', '82', '528', '2020-01-21 21:38:06', '2020-01-21 21:38:06', '0');
INSERT INTO `gasha_pickups` VALUES ('228', '82', '529', '2020-01-21 21:38:06', '2020-01-21 21:38:06', '0');
INSERT INTO `gasha_pickups` VALUES ('229', '83', '533', '2020-01-21 21:38:06', '2020-01-21 21:38:06', '0');
INSERT INTO `gasha_pickups` VALUES ('230', '83', '534', '2020-01-21 21:38:06', '2020-01-21 21:38:06', '0');
INSERT INTO `gasha_pickups` VALUES ('231', '83', '535', '2020-01-21 21:38:06', '2020-01-21 21:38:06', '0');
INSERT INTO `gasha_pickups` VALUES ('232', '85', '538', '2020-01-21 21:38:06', '2020-01-21 21:38:06', '0');
INSERT INTO `gasha_pickups` VALUES ('233', '85', '539', '2020-01-21 21:38:06', '2020-01-21 21:38:06', '0');
INSERT INTO `gasha_pickups` VALUES ('234', '85', '540', '2020-01-21 21:38:06', '2020-01-21 21:38:06', '0');
INSERT INTO `gasha_pickups` VALUES ('235', '86', '543', '2020-01-21 21:38:06', '2020-01-21 21:38:06', '0');
INSERT INTO `gasha_pickups` VALUES ('236', '86', '544', '2020-01-21 21:38:06', '2020-01-21 21:38:06', '0');
INSERT INTO `gasha_pickups` VALUES ('237', '86', '545', '2020-01-21 21:38:06', '2020-01-21 21:38:06', '0');
INSERT INTO `gasha_pickups` VALUES ('238', '86', '546', '2020-01-21 21:38:06', '2020-01-21 21:38:06', '0');
INSERT INTO `gasha_pickups` VALUES ('239', '87', '550', '2020-01-21 21:38:06', '2020-01-21 21:38:06', '0');
INSERT INTO `gasha_pickups` VALUES ('240', '87', '551', '2020-01-21 21:38:06', '2020-01-21 21:38:06', '0');
INSERT INTO `gasha_pickups` VALUES ('241', '87', '552', '2020-01-21 21:38:06', '2020-01-21 21:38:06', '0');
INSERT INTO `gasha_pickups` VALUES ('242', '89', '555', '2020-01-21 21:38:06', '2020-01-21 21:38:06', '0');
INSERT INTO `gasha_pickups` VALUES ('243', '89', '556', '2020-01-21 21:38:06', '2020-01-21 21:38:06', '0');
INSERT INTO `gasha_pickups` VALUES ('244', '89', '557', '2020-01-21 21:38:06', '2020-01-21 21:38:06', '0');
INSERT INTO `gasha_pickups` VALUES ('245', '90', '560', '2020-01-21 21:38:06', '2020-01-21 21:38:06', '0');
INSERT INTO `gasha_pickups` VALUES ('246', '90', '561', '2020-01-21 21:38:06', '2020-01-21 21:38:06', '0');
INSERT INTO `gasha_pickups` VALUES ('247', '90', '562', '2020-01-21 21:38:06', '2020-01-21 21:38:06', '0');
INSERT INTO `gasha_pickups` VALUES ('248', '90', '563', '2020-01-21 21:38:06', '2020-01-21 21:38:06', '0');
INSERT INTO `gasha_pickups` VALUES ('249', '91', '567', '2020-01-21 21:38:06', '2020-01-21 21:38:06', '0');
INSERT INTO `gasha_pickups` VALUES ('250', '91', '568', '2020-01-21 21:38:06', '2020-01-21 21:38:06', '0');
INSERT INTO `gasha_pickups` VALUES ('251', '91', '569', '2020-01-21 21:38:06', '2020-01-21 21:38:06', '0');
INSERT INTO `gasha_pickups` VALUES ('252', '92', '572', '2020-01-21 21:38:06', '2020-01-21 21:38:06', '0');
INSERT INTO `gasha_pickups` VALUES ('253', '92', '573', '2020-01-21 21:38:06', '2020-01-21 21:38:06', '0');
INSERT INTO `gasha_pickups` VALUES ('254', '92', '574', '2020-01-21 21:38:06', '2020-01-21 21:38:06', '0');
INSERT INTO `gasha_pickups` VALUES ('255', '93', '627', '2020-01-21 21:38:06', '2020-01-21 21:38:06', '0');
INSERT INTO `gasha_pickups` VALUES ('256', '93', '628', '2020-01-21 21:38:06', '2020-01-21 21:38:06', '0');
INSERT INTO `gasha_pickups` VALUES ('257', '93', '629', '2020-01-21 21:38:06', '2020-01-21 21:38:06', '0');
INSERT INTO `gasha_pickups` VALUES ('258', '93', '630', '2020-01-21 21:38:06', '2020-01-21 21:38:06', '0');
INSERT INTO `gasha_pickups` VALUES ('259', '94', '631', '2020-01-21 21:38:06', '2020-01-21 21:38:06', '0');
INSERT INTO `gasha_pickups` VALUES ('260', '94', '632', '2020-01-21 21:38:06', '2020-01-21 21:38:06', '0');
INSERT INTO `gasha_pickups` VALUES ('261', '94', '633', '2020-01-21 21:38:06', '2020-01-21 21:38:06', '0');
INSERT INTO `gasha_pickups` VALUES ('262', '94', '634', '2020-01-21 21:38:06', '2020-01-21 21:38:06', '0');
INSERT INTO `gasha_pickups` VALUES ('263', '94', '635', '2020-01-21 21:38:06', '2020-01-21 21:38:06', '0');
INSERT INTO `gasha_pickups` VALUES ('264', '95', '639', '2020-01-21 21:38:06', '2020-01-21 21:38:06', '0');
INSERT INTO `gasha_pickups` VALUES ('265', '95', '640', '2020-01-21 21:38:06', '2020-01-21 21:38:06', '0');
INSERT INTO `gasha_pickups` VALUES ('266', '95', '641', '2020-01-21 21:38:06', '2020-01-21 21:38:06', '0');
INSERT INTO `gasha_pickups` VALUES ('267', '97', '644', '2020-01-21 21:38:06', '2020-01-21 21:38:06', '0');
INSERT INTO `gasha_pickups` VALUES ('268', '97', '645', '2020-01-21 21:38:06', '2020-01-21 21:38:06', '0');
INSERT INTO `gasha_pickups` VALUES ('269', '97', '646', '2020-01-21 21:38:06', '2020-01-21 21:38:06', '0');
INSERT INTO `gasha_pickups` VALUES ('270', '97', '647', '2020-01-21 21:38:06', '2020-01-21 21:38:06', '0');
INSERT INTO `gasha_pickups` VALUES ('271', '98', '650', '2020-01-21 21:38:06', '2020-01-21 21:38:06', '0');
INSERT INTO `gasha_pickups` VALUES ('272', '98', '651', '2020-01-21 21:38:06', '2020-01-21 21:38:06', '0');
INSERT INTO `gasha_pickups` VALUES ('273', '98', '652', '2020-01-21 21:38:06', '2020-01-21 21:38:06', '0');
INSERT INTO `gasha_pickups` VALUES ('274', '98', '653', '2020-01-21 21:38:06', '2020-01-21 21:38:06', '0');
INSERT INTO `gasha_pickups` VALUES ('275', '98', '654', '2020-01-21 21:38:06', '2020-01-21 21:38:06', '0');
INSERT INTO `gasha_pickups` VALUES ('276', '99', '658', '2020-01-21 21:38:06', '2020-01-21 21:38:06', '0');
INSERT INTO `gasha_pickups` VALUES ('277', '99', '659', '2020-01-21 21:38:06', '2020-01-21 21:38:06', '0');
INSERT INTO `gasha_pickups` VALUES ('278', '99', '660', '2020-01-21 21:38:06', '2020-01-21 21:38:06', '0');
INSERT INTO `gasha_pickups` VALUES ('279', '101', '663', '2020-01-21 21:38:06', '2020-01-21 21:38:06', '0');
INSERT INTO `gasha_pickups` VALUES ('280', '101', '664', '2020-01-21 21:38:06', '2020-01-21 21:38:06', '0');
INSERT INTO `gasha_pickups` VALUES ('281', '101', '665', '2020-01-21 21:38:06', '2020-01-21 21:38:06', '0');
INSERT INTO `gasha_pickups` VALUES ('282', '101', '666', '2020-01-21 21:38:06', '2020-01-21 21:38:06', '0');
INSERT INTO `gasha_pickups` VALUES ('283', '102', '669', '2020-01-21 21:38:06', '2020-01-21 21:38:06', '0');
INSERT INTO `gasha_pickups` VALUES ('284', '102', '670', '2020-01-21 21:38:06', '2020-01-21 21:38:06', '0');
INSERT INTO `gasha_pickups` VALUES ('285', '102', '671', '2020-01-21 21:38:06', '2020-01-21 21:38:06', '0');
INSERT INTO `gasha_pickups` VALUES ('286', '102', '672', '2020-01-21 21:38:06', '2020-01-21 21:38:06', '0');
INSERT INTO `gasha_pickups` VALUES ('287', '102', '673', '2020-01-21 21:38:06', '2020-01-21 21:38:06', '0');
INSERT INTO `gasha_pickups` VALUES ('288', '103', '677', '2020-01-21 21:38:06', '2020-01-21 21:38:06', '0');
INSERT INTO `gasha_pickups` VALUES ('289', '103', '678', '2020-01-21 21:38:06', '2020-01-21 21:38:06', '0');
INSERT INTO `gasha_pickups` VALUES ('290', '103', '679', '2020-01-21 21:38:06', '2020-01-21 21:38:06', '0');
INSERT INTO `gasha_pickups` VALUES ('291', '104', '685', '2020-01-21 21:38:06', '2020-01-21 21:38:06', '0');
INSERT INTO `gasha_pickups` VALUES ('292', '104', '686', '2020-01-21 21:38:06', '2020-01-21 21:38:06', '0');
INSERT INTO `gasha_pickups` VALUES ('293', '105', '687', '2020-01-21 21:38:06', '2020-01-21 21:38:06', '0');
INSERT INTO `gasha_pickups` VALUES ('294', '105', '688', '2020-01-21 21:38:06', '2020-01-21 21:38:06', '0');
INSERT INTO `gasha_pickups` VALUES ('295', '105', '689', '2020-01-21 21:38:06', '2020-01-21 21:38:06', '0');
INSERT INTO `gasha_pickups` VALUES ('296', '105', '690', '2020-01-21 21:38:06', '2020-01-21 21:38:06', '0');
INSERT INTO `gasha_pickups` VALUES ('297', '106', '693', '2020-01-21 21:38:06', '2020-01-21 21:38:06', '0');
INSERT INTO `gasha_pickups` VALUES ('298', '106', '694', '2020-01-21 21:38:06', '2020-01-21 21:38:06', '0');
INSERT INTO `gasha_pickups` VALUES ('299', '106', '695', '2020-01-21 21:38:06', '2020-01-21 21:38:06', '0');
INSERT INTO `gasha_pickups` VALUES ('300', '106', '696', '2020-01-21 21:38:06', '2020-01-21 21:38:06', '0');
INSERT INTO `gasha_pickups` VALUES ('301', '106', '697', '2020-01-21 21:38:06', '2020-01-21 21:38:06', '0');
INSERT INTO `gasha_pickups` VALUES ('302', '106', '700', '2020-01-21 21:38:06', '2020-01-21 21:38:06', '0');
INSERT INTO `gasha_pickups` VALUES ('303', '107', '701', '2020-01-21 21:38:06', '2020-01-21 21:38:06', '0');
INSERT INTO `gasha_pickups` VALUES ('304', '107', '702', '2020-01-21 21:38:06', '2020-01-21 21:38:06', '0');
INSERT INTO `gasha_pickups` VALUES ('305', '107', '703', '2020-01-21 21:38:06', '2020-01-21 21:38:06', '0');
INSERT INTO `gasha_pickups` VALUES ('306', '109', '706', '2020-01-21 21:38:06', '2020-01-21 21:38:06', '0');
INSERT INTO `gasha_pickups` VALUES ('307', '109', '707', '2020-01-21 21:38:06', '2020-01-21 21:38:06', '0');
INSERT INTO `gasha_pickups` VALUES ('308', '109', '708', '2020-01-21 21:38:06', '2020-01-21 21:38:06', '0');
INSERT INTO `gasha_pickups` VALUES ('309', '109', '709', '2020-01-21 21:38:06', '2020-01-21 21:38:06', '0');
INSERT INTO `gasha_pickups` VALUES ('310', '110', '712', '2020-01-21 21:38:06', '2020-01-21 21:38:06', '0');
INSERT INTO `gasha_pickups` VALUES ('311', '110', '713', '2020-01-21 21:38:06', '2020-01-21 21:38:06', '0');
INSERT INTO `gasha_pickups` VALUES ('312', '110', '714', '2020-01-21 21:38:06', '2020-01-21 21:38:06', '0');
INSERT INTO `gasha_pickups` VALUES ('313', '110', '715', '2020-01-21 21:38:06', '2020-01-21 21:38:06', '0');
INSERT INTO `gasha_pickups` VALUES ('314', '110', '716', '2020-01-21 21:38:06', '2020-01-21 21:38:06', '0');
INSERT INTO `gasha_pickups` VALUES ('315', '111', '720', '2020-01-21 21:38:06', '2020-01-21 21:38:06', '0');
INSERT INTO `gasha_pickups` VALUES ('316', '111', '721', '2020-01-21 21:38:06', '2020-01-21 21:38:06', '0');
INSERT INTO `gasha_pickups` VALUES ('317', '111', '722', '2020-01-21 21:38:06', '2020-01-21 21:38:06', '0');
INSERT INTO `gasha_pickups` VALUES ('318', '113', '726', '2020-01-21 21:38:06', '2020-01-21 21:38:06', '0');
INSERT INTO `gasha_pickups` VALUES ('319', '113', '727', '2020-01-21 21:38:06', '2020-01-21 21:38:06', '0');
INSERT INTO `gasha_pickups` VALUES ('320', '113', '728', '2020-01-21 21:38:06', '2020-01-21 21:38:06', '0');
INSERT INTO `gasha_pickups` VALUES ('321', '113', '729', '2020-01-21 21:38:06', '2020-01-21 21:38:06', '0');
INSERT INTO `gasha_pickups` VALUES ('322', '114', '732', '2020-01-21 21:38:06', '2020-01-21 21:38:06', '0');
INSERT INTO `gasha_pickups` VALUES ('323', '114', '733', '2020-01-21 21:38:06', '2020-01-21 21:38:06', '0');
INSERT INTO `gasha_pickups` VALUES ('324', '114', '734', '2020-01-21 21:38:06', '2020-01-21 21:38:06', '0');
INSERT INTO `gasha_pickups` VALUES ('325', '114', '735', '2020-01-21 21:38:06', '2020-01-21 21:38:06', '0');
INSERT INTO `gasha_pickups` VALUES ('326', '114', '736', '2020-01-21 21:38:06', '2020-01-21 21:38:06', '0');
INSERT INTO `gasha_pickups` VALUES ('327', '115', '740', '2020-01-21 21:38:06', '2020-01-21 21:38:06', '0');
INSERT INTO `gasha_pickups` VALUES ('328', '115', '741', '2020-01-21 21:38:06', '2020-01-21 21:38:06', '0');
INSERT INTO `gasha_pickups` VALUES ('329', '115', '742', '2020-01-21 21:38:06', '2020-01-21 21:38:06', '0');
INSERT INTO `gasha_pickups` VALUES ('330', '116', '745', '2020-01-21 21:38:06', '2020-01-21 21:38:06', '0');
INSERT INTO `gasha_pickups` VALUES ('331', '116', '746', '2020-01-21 21:38:06', '2020-01-21 21:38:06', '0');
INSERT INTO `gasha_pickups` VALUES ('332', '117', '747', '2020-01-21 21:38:06', '2020-01-21 21:38:06', '0');
INSERT INTO `gasha_pickups` VALUES ('333', '117', '748', '2020-01-21 21:38:06', '2020-01-21 21:38:06', '0');
INSERT INTO `gasha_pickups` VALUES ('334', '117', '749', '2020-01-21 21:38:06', '2020-01-21 21:38:06', '0');
INSERT INTO `gasha_pickups` VALUES ('335', '117', '750', '2020-01-21 21:38:06', '2020-01-21 21:38:06', '0');
INSERT INTO `gasha_pickups` VALUES ('336', '118', '753', '2020-01-21 21:38:06', '2020-01-21 21:38:06', '0');
INSERT INTO `gasha_pickups` VALUES ('337', '118', '754', '2020-01-21 21:38:06', '2020-01-21 21:38:06', '0');
INSERT INTO `gasha_pickups` VALUES ('338', '118', '755', '2020-01-21 21:38:06', '2020-01-21 21:38:06', '0');
INSERT INTO `gasha_pickups` VALUES ('339', '118', '756', '2020-01-21 21:38:06', '2020-01-21 21:38:06', '0');
INSERT INTO `gasha_pickups` VALUES ('340', '118', '757', '2020-01-21 21:38:06', '2020-01-21 21:38:06', '0');
INSERT INTO `gasha_pickups` VALUES ('341', '119', '761', '2020-01-21 21:38:06', '2020-01-21 21:38:06', '0');
INSERT INTO `gasha_pickups` VALUES ('342', '119', '762', '2020-01-21 21:38:06', '2020-01-21 21:38:06', '0');
INSERT INTO `gasha_pickups` VALUES ('343', '119', '763', '2020-01-21 21:38:06', '2020-01-21 21:38:06', '0');
INSERT INTO `gasha_pickups` VALUES ('344', '29', '110', '2020-01-21 21:38:06', '2020-01-21 21:38:06', '0');
INSERT INTO `gasha_pickups` VALUES ('345', '29', '119', '2020-01-21 21:38:06', '2020-01-21 21:38:06', '0');
INSERT INTO `gasha_pickups` VALUES ('346', '29', '133', '2020-01-21 21:38:06', '2020-01-21 21:38:06', '0');
INSERT INTO `gasha_pickups` VALUES ('347', '29', '112', '2020-01-21 21:38:06', '2020-01-21 21:38:06', '0');
INSERT INTO `gasha_pickups` VALUES ('348', '29', '121', '2020-01-21 21:38:06', '2020-01-21 21:38:06', '0');
INSERT INTO `gasha_pickups` VALUES ('349', '29', '135', '2020-01-21 21:38:06', '2020-01-21 21:38:06', '0');
INSERT INTO `gasha_pickups` VALUES ('350', '40', '149', '2020-01-21 21:38:06', '2020-01-21 21:38:06', '0');
INSERT INTO `gasha_pickups` VALUES ('351', '40', '163', '2020-01-21 21:38:06', '2020-01-21 21:38:06', '0');
INSERT INTO `gasha_pickups` VALUES ('352', '40', '179', '2020-01-21 21:38:06', '2020-01-21 21:38:06', '0');
INSERT INTO `gasha_pickups` VALUES ('353', '51', '197', '2020-01-21 21:38:06', '2020-01-21 21:38:06', '0');
INSERT INTO `gasha_pickups` VALUES ('354', '51', '214', '2020-01-21 21:38:06', '2020-01-21 21:38:06', '0');
INSERT INTO `gasha_pickups` VALUES ('355', '51', '233', '2020-01-21 21:38:06', '2020-01-21 21:38:06', '0');
INSERT INTO `gasha_pickups` VALUES ('356', '59', '205', '2020-01-21 21:38:06', '2020-01-21 21:38:06', '0');
INSERT INTO `gasha_pickups` VALUES ('357', '59', '222', '2020-01-21 21:38:06', '2020-01-21 21:38:06', '0');
INSERT INTO `gasha_pickups` VALUES ('358', '59', '241', '2020-01-21 21:38:06', '2020-01-21 21:38:06', '0');
INSERT INTO `gasha_pickups` VALUES ('359', '63', '252', '2020-01-21 21:38:06', '2020-01-21 21:38:06', '0');
INSERT INTO `gasha_pickups` VALUES ('360', '63', '269', '2020-01-21 21:38:06', '2020-01-21 21:38:06', '0');
INSERT INTO `gasha_pickups` VALUES ('361', '63', '286', '2020-01-21 21:38:06', '2020-01-21 21:38:06', '0');
INSERT INTO `gasha_pickups` VALUES ('362', '63', '254', '2020-01-21 21:38:06', '2020-01-21 21:38:06', '0');
INSERT INTO `gasha_pickups` VALUES ('363', '63', '271', '2020-01-21 21:38:06', '2020-01-21 21:38:06', '0');
INSERT INTO `gasha_pickups` VALUES ('364', '63', '288', '2020-01-21 21:38:06', '2020-01-21 21:38:06', '0');
INSERT INTO `gasha_pickups` VALUES ('365', '68', '110', '2020-01-21 21:38:06', '2020-01-21 21:38:06', '0');
INSERT INTO `gasha_pickups` VALUES ('366', '68', '119', '2020-01-21 21:38:06', '2020-01-21 21:38:06', '0');
INSERT INTO `gasha_pickups` VALUES ('367', '68', '133', '2020-01-21 21:38:06', '2020-01-21 21:38:06', '0');
INSERT INTO `gasha_pickups` VALUES ('368', '68', '149', '2020-01-21 21:38:06', '2020-01-21 21:38:06', '0');
INSERT INTO `gasha_pickups` VALUES ('369', '68', '163', '2020-01-21 21:38:06', '2020-01-21 21:38:06', '0');
INSERT INTO `gasha_pickups` VALUES ('370', '68', '179', '2020-01-21 21:38:06', '2020-01-21 21:38:06', '0');
INSERT INTO `gasha_pickups` VALUES ('371', '68', '197', '2020-01-21 21:38:06', '2020-01-21 21:38:06', '0');
INSERT INTO `gasha_pickups` VALUES ('372', '68', '205', '2020-01-21 21:38:06', '2020-01-21 21:38:06', '0');
INSERT INTO `gasha_pickups` VALUES ('373', '68', '214', '2020-01-21 21:38:06', '2020-01-21 21:38:06', '0');
INSERT INTO `gasha_pickups` VALUES ('374', '68', '222', '2020-01-21 21:38:06', '2020-01-21 21:38:06', '0');
INSERT INTO `gasha_pickups` VALUES ('375', '68', '233', '2020-01-21 21:38:06', '2020-01-21 21:38:06', '0');
INSERT INTO `gasha_pickups` VALUES ('376', '68', '241', '2020-01-21 21:38:06', '2020-01-21 21:38:06', '0');
INSERT INTO `gasha_pickups` VALUES ('377', '68', '252', '2020-01-21 21:38:06', '2020-01-21 21:38:06', '0');
INSERT INTO `gasha_pickups` VALUES ('378', '68', '257', '2020-01-21 21:38:06', '2020-01-21 21:38:06', '0');
INSERT INTO `gasha_pickups` VALUES ('379', '68', '269', '2020-01-21 21:38:06', '2020-01-21 21:38:06', '0');
INSERT INTO `gasha_pickups` VALUES ('380', '68', '274', '2020-01-21 21:38:06', '2020-01-21 21:38:06', '0');
INSERT INTO `gasha_pickups` VALUES ('381', '68', '286', '2020-01-21 21:38:06', '2020-01-21 21:38:06', '0');
INSERT INTO `gasha_pickups` VALUES ('382', '68', '112', '2020-01-21 21:38:06', '2020-01-21 21:38:06', '0');
INSERT INTO `gasha_pickups` VALUES ('383', '68', '121', '2020-01-21 21:38:06', '2020-01-21 21:38:06', '0');
INSERT INTO `gasha_pickups` VALUES ('384', '68', '135', '2020-01-21 21:38:06', '2020-01-21 21:38:06', '0');
INSERT INTO `gasha_pickups` VALUES ('385', '68', '151', '2020-01-21 21:38:06', '2020-01-21 21:38:06', '0');
INSERT INTO `gasha_pickups` VALUES ('386', '68', '165', '2020-01-21 21:38:06', '2020-01-21 21:38:06', '0');
INSERT INTO `gasha_pickups` VALUES ('387', '68', '181', '2020-01-21 21:38:06', '2020-01-21 21:38:06', '0');
INSERT INTO `gasha_pickups` VALUES ('388', '68', '199', '2020-01-21 21:38:06', '2020-01-21 21:38:06', '0');
INSERT INTO `gasha_pickups` VALUES ('389', '68', '216', '2020-01-21 21:38:06', '2020-01-21 21:38:06', '0');
INSERT INTO `gasha_pickups` VALUES ('390', '68', '235', '2020-01-21 21:38:06', '2020-01-21 21:38:06', '0');
INSERT INTO `gasha_pickups` VALUES ('391', '68', '254', '2020-01-21 21:38:06', '2020-01-21 21:38:06', '0');
INSERT INTO `gasha_pickups` VALUES ('392', '68', '271', '2020-01-21 21:38:06', '2020-01-21 21:38:06', '0');
INSERT INTO `gasha_pickups` VALUES ('393', '68', '288', '2020-01-21 21:38:06', '2020-01-21 21:38:06', '0');
INSERT INTO `gasha_pickups` VALUES ('394', '72', '257', '2020-01-21 21:38:06', '2020-01-21 21:38:06', '0');
INSERT INTO `gasha_pickups` VALUES ('395', '72', '274', '2020-01-21 21:38:06', '2020-01-21 21:38:06', '0');
INSERT INTO `gasha_pickups` VALUES ('396', '72', '291', '2020-01-21 21:38:06', '2020-01-21 21:38:06', '0');
INSERT INTO `gasha_pickups` VALUES ('397', '76', '358', '2020-01-21 21:38:06', '2020-01-21 21:38:06', '0');
INSERT INTO `gasha_pickups` VALUES ('398', '76', '374', '2020-01-21 21:38:06', '2020-01-21 21:38:06', '0');
INSERT INTO `gasha_pickups` VALUES ('399', '76', '391', '2020-01-21 21:38:06', '2020-01-21 21:38:06', '0');
INSERT INTO `gasha_pickups` VALUES ('400', '76', '360', '2020-01-21 21:38:06', '2020-01-21 21:38:06', '0');
INSERT INTO `gasha_pickups` VALUES ('401', '76', '376', '2020-01-21 21:38:06', '2020-01-21 21:38:06', '0');
INSERT INTO `gasha_pickups` VALUES ('402', '76', '393', '2020-01-21 21:38:06', '2020-01-21 21:38:06', '0');
INSERT INTO `gasha_pickups` VALUES ('403', '84', '361', '2020-01-21 21:38:06', '2020-01-21 21:38:06', '0');
INSERT INTO `gasha_pickups` VALUES ('404', '84', '382', '2020-01-21 21:38:06', '2020-01-21 21:38:06', '0');
INSERT INTO `gasha_pickups` VALUES ('405', '84', '396', '2020-01-21 21:38:06', '2020-01-21 21:38:06', '0');
INSERT INTO `gasha_pickups` VALUES ('406', '88', '410', '2020-01-21 21:38:06', '2020-01-21 21:38:06', '0');
INSERT INTO `gasha_pickups` VALUES ('407', '88', '427', '2020-01-21 21:38:06', '2020-01-21 21:38:06', '0');
INSERT INTO `gasha_pickups` VALUES ('408', '88', '444', '2020-01-21 21:38:06', '2020-01-21 21:38:06', '0');
INSERT INTO `gasha_pickups` VALUES ('409', '88', '412', '2020-01-21 21:38:06', '2020-01-21 21:38:06', '0');
INSERT INTO `gasha_pickups` VALUES ('410', '88', '429', '2020-01-21 21:38:06', '2020-01-21 21:38:06', '0');
INSERT INTO `gasha_pickups` VALUES ('411', '88', '446', '2020-01-21 21:38:06', '2020-01-21 21:38:06', '0');
INSERT INTO `gasha_pickups` VALUES ('412', '96', '415', '2020-01-21 21:38:06', '2020-01-21 21:38:06', '0');
INSERT INTO `gasha_pickups` VALUES ('413', '96', '432', '2020-01-21 21:38:06', '2020-01-21 21:38:06', '0');
INSERT INTO `gasha_pickups` VALUES ('414', '96', '449', '2020-01-21 21:38:06', '2020-01-21 21:38:06', '0');
INSERT INTO `gasha_pickups` VALUES ('415', '100', '463', '2020-01-21 21:38:06', '2020-01-21 21:38:06', '0');
INSERT INTO `gasha_pickups` VALUES ('416', '100', '480', '2020-01-21 21:38:06', '2020-01-21 21:38:06', '0');
INSERT INTO `gasha_pickups` VALUES ('417', '100', '497', '2020-01-21 21:38:06', '2020-01-21 21:38:06', '0');
INSERT INTO `gasha_pickups` VALUES ('418', '100', '465', '2020-01-21 21:38:06', '2020-01-21 21:38:06', '0');
INSERT INTO `gasha_pickups` VALUES ('419', '100', '482', '2020-01-21 21:38:06', '2020-01-21 21:38:06', '0');
INSERT INTO `gasha_pickups` VALUES ('420', '100', '499', '2020-01-21 21:38:06', '2020-01-21 21:38:06', '0');
INSERT INTO `gasha_pickups` VALUES ('421', '108', '468', '2020-01-21 21:38:06', '2020-01-21 21:38:06', '0');
INSERT INTO `gasha_pickups` VALUES ('422', '108', '485', '2020-01-21 21:38:06', '2020-01-21 21:38:06', '0');
INSERT INTO `gasha_pickups` VALUES ('423', '108', '502', '2020-01-21 21:38:06', '2020-01-21 21:38:06', '0');
INSERT INTO `gasha_pickups` VALUES ('424', '112', '475', '2020-01-21 21:38:06', '2020-01-21 21:38:06', '0');
INSERT INTO `gasha_pickups` VALUES ('425', '112', '492', '2020-01-21 21:38:06', '2020-01-21 21:38:06', '0');
INSERT INTO `gasha_pickups` VALUES ('426', '112', '509', '2020-01-21 21:38:06', '2020-01-21 21:38:06', '0');
